 16/10/20    00:00            earthquake location                                                                                                     
         -az/dp--step---se =az/dp==step===se -az/dp--step---se                                                                                        
         235/ 0 .9565 10.8 145/12 -.130 5.58 325/78 -.462 27.1                                                                                        
                                                                                                                                                      
 horizontal and vertical single variable standard deviations (68% - one degree of freedom; max 99 km)                                                 
       seh =   4.18             seh =   5.78             sez =  14.21   quality = d                                                                   
       az  =   -35.             az  =  -125.                                                                                                          
                                                                                                                                                      
 se of orig =   1.53; # of iterations =  21; dmax =     200.00; sequence number =                                                                     
 event type = " "; processing status = " "                                                                                                            
 closest station did not use both p and s                                                                                                             
                                                                                                                                                      
    date    origin      lat      long    depth    mag no d1 gap d  rms    avwt   se                                                                   
 20161020  0 0 21.81 42n45.29  13e12.47  37.16        12  1 101 1 0.1075  1.00  0.05                                                                  
                                                                                                                                                      
    seh  sez q sqd  adj in nr   avr  aar nm avxm mdxm sdxm nf avfm mdfm sdfm   vpvs                                                                   
    5.8 14.2 c d b 0.08 10 15 -.000 .029  0            0.0  0            0.0  0.000                                                                   
                                                                                                                                                      
                      -- travel times and delays --                                                                                                   
  stn c pha remk p p-sec s-sec resid  std-er   dist  azm ain    tc c vthk  ttob-ttcal-dlay-edly=resid rmk stn pha sources                             
 T1214z     EP 3   28.46        0.90    0.92    0.5    8 179       1       6.65  5.76            0.90    T1214                                        
 MZ098z     EP 4   34.33        6.70   -----    5.8  117 169       1      12.52  5.83            6.70    MZ098                                        
 MZ098z s   ES 3        39.33   6.69 j 67.56             169       1      17.52 10.84            6.69    MZ098s                                       
 ED10 z     EP 2   27.50       -0.14    0.27    6.0  294 169       1       5.69  5.83           -0.14    ED10                                         
 MZ104z     EP 4   33.15        5.51   -----    6.0  142 169       1      11.34  5.83            5.51    MZ104                                        
 MZ104z s   ES 3        38.15   5.50 j 67.56             169       1      16.34 10.85            5.50    MZ104s                                       
 NRCA z     EP 0   27.83       -0.00    0.06   11.6  319 159       1       6.02  6.03           -0.00    NRCA                                         
 T1212z     EP 3   29.01        1.09 j  1.30   13.4  268 156       1       7.20  6.11            1.09    T1212                                        
 ED20 z     EP 3   28.72        0.48    0.59   18.6   92 147       1       6.91  6.44            0.48    ED20                                         
 T1217z     EP 3   29.05        0.47    0.67   23.1  258 140       1       7.24  6.77            0.47    T1217                                        
 T1217z s   ES 3        36.81   2.40 j 32.64             140       1      15.00 12.60            2.40    T1217s                                       
 ED18 z     EP 3   28.91        0.05    0.77   26.5    6 136       1       7.10  7.05            0.05    ED18                                         
 ED05 z     EP 3   29.15       -0.28    0.50   32.8  157 128       1       7.34  7.63           -0.28    ED05                                         
 CSP1 z     EP 4   34.43        4.53   -----   37.4  360 123       1      12.62  8.09            4.53    CSP1                                         
 CSP1 z s   ES 3        39.43   2.57 j 67.56             123       1      17.62 15.05            2.57    CSP1 s                                       
                                                                                                                                                      
                       
                       
                       
 16/10/20    00:00            earthquake location                                                                                                     
         -az/dp--step---se =az/dp==step===se -az/dp--step---se                                                                                        
          62/ 5 -.124 3.61 154/25 -.000 .901 321/65 -.001 1.26                                                                                        
                                                                                                                                                      
 horizontal and vertical single variable standard deviations (68% - one degree of freedom; max 99 km)                                                 
       seh =   0.52             seh =   1.92             sez =   0.66   quality = b                                                                   
       az  =   -28.             az  =  -118.                                                                                                          
                                                                                                                                                      
 se of orig =   0.53; # of iterations =   8; dmax =     200.00; sequence number =                                                                     
 event type = " "; processing status = " "                                                                                                            
 s minus p interval for closest station =       1.27                                                                                                  
                                                                                                                                                      
    date    origin      lat      long    depth    mag no d1 gap d  rms    avwt   se                                                                   
 20161020  0 0 17.99 42n43.61  12e48.88   2.25         9  9 288 1 0.1930  1.00  0.05                                                                  
                                                                                                                                                      
    seh  sez q sqd  adj in nr   avr  aar nm avxm mdxm sdxm nf avfm mdfm sdfm   vpvs                                                                   
    1.9  0.7 d c d 0.08 10 10 -.000 .083  0            0.0  0            0.0  0.000                                                                   
                                                                                                                                                      
                      -- travel times and delays --                                                                                                   
  stn c pha remk p p-sec s-sec resid  std-er   dist  azm ain    tc c vthk  ttob-ttcal-dlay-edly=resid rmk stn pha sources                             
 T1215z     EP 3   20.32        0.40    0.52    9.4   28 103       1       2.33  1.94            0.40    T1215                                        
 T1215z s   ES 1        21.59  -0.00    0.16             103       1       3.60  3.60           -0.00    T1215s                                       
 T1217z     EP 3   20.75        0.77    0.59    9.7  100 103       1       2.76  1.99            0.77    T1217                                        
 T1217z s   ES 1        21.64  -0.05    0.16             103       1       3.65  3.70           -0.05    T1217s                                       
 T1214z     EP 3   23.87       -0.03    0.50   32.5   83  54       1       5.88  5.92           -0.03    T1214                                        
 T1214z s   ES 1        29.04   0.05    0.16              54       1      11.05 11.00            0.05    T1214s                                       
 T1244z     EP 4   27.72        2.65   -----   39.7   85  54       1       9.73  7.08            2.65    T1244                                        
 T1244z s   ES 3        32.72   1.56 j 32.64              54       1      14.73 13.18            1.56    T1244s                                       
 ED18 z     EP 3   25.96       -0.08    0.50   45.7   50  54       1       7.97  8.06           -0.08    ED18                                         
 GUMA z     EP 3   26.98       -0.81    0.51   56.6   49  54       1       8.99  9.80           -0.81    GUMA                                         
                                                                                                                                                      
                       
                       
                       
 16/10/20    00:00            earthquake location                                                                                                     
         -az/dp--step---se =az/dp==step===se -az/dp--step---se                                                                                        
           0/ 0 -2.53 7.90 270/ 4 .0620 5.37  89/86 147.1 55.0                                                                                        
                                                                                                                                                      
 horizontal and vertical single variable standard deviations (68% - one degree of freedom; max 99 km)                                                 
       seh =   3.22             seh =   4.23             sez =  99.00   quality = d                                                                   
       az  =   -89.             az  =     1.                                                                                                          
                                                                                                                                                      
 se of orig =   0.64; # of iterations =  18; dmax =     200.00; sequence number =                                                                     
 event type = " "; processing status = " "                                                                                                            
 s minus p interval for closest station =       6.14                                                                                                  
                                                                                                                                                      
    date    origin      lat      long    depth    mag no d1 gap d  rms    avwt   se                                                                   
 20161020  0 0 26.08 42n46.41  12e27.39   8.11         8 34 317 1 1.0549  1.00  0.05                                                                  
                                                                                                                                                      
    seh  sez q sqd  adj in nr   avr  aar nm avxm mdxm sdxm nf avfm mdfm sdfm   vpvs                                                                   
    4.2 99.0 d d d 0.11 10 11 .0000 .830  0            0.0  0            0.0  0.000                                                                   
                                                                                                                                                      
                      -- travel times and delays --                                                                                                   
  stn c pha remk p p-sec s-sec resid  std-er   dist  azm ain    tc c vthk  ttob-ttcal-dlay-edly=resid rmk stn pha sources                             
 T1215z     EP 3   33.34        1.28    0.51   33.9   85  98       1       7.26  5.98            1.28    T1215                                        
 T1215z s   ES 3        39.48   2.27    0.70              98       1      13.40 11.13            2.27    T1215s                                       
 T1217z     EP 3   33.21        0.25    0.50   39.5  100  97       1       7.13  6.88            0.25    T1217                                        
 NRCA z     EP 4   37.83        2.50   -----   54.2   83  95       1      11.75  9.25            2.50    NRCA                                         
 NRCA z s   ES 3        42.83  -0.45    0.60              95       1      16.75 17.20           -0.45    NRCA s                                       
 MC2  z     EP 4   40.62        4.07   -----   61.8   75  94       1      14.54 10.47            4.07    MC2                                          
 MC2  z s   ES 3        45.62   0.07    0.60              94       1      19.54 19.47            0.07    MC2  s                                       
 MZ098z     EP 3   36.96       -0.39    0.50   66.8   94  94       1      10.88 11.27           -0.39    MZ098                                        
 CSP1 z     EP 3   37.01       -0.95    0.50   70.6   60  94       1      10.93 11.88           -0.95    CSP1                                         
 MZ26 z     EP 4   42.03        3.78   -----   72.4  103  94       1      15.95 12.17            3.78    MZ26                                         
 MZ26 z s   ES 3        47.03  -1.69    0.63              94       1      20.95 22.63           -1.69    MZ26 s                                       
                                                                                                                                                      
                       
                       
                       
 16/10/20    00:00            earthquake location                                                                                                     
         -az/dp--step---se =az/dp==step===se -az/dp--step---se                                                                                        
         185/ 1 2.219 7.15  95/19 2.498 10.3 278/71 16.96 16.4                                                                                        
                                                                                                                                                      
 horizontal and vertical single variable standard deviations (68% - one degree of freedom; max 99 km)                                                 
       seh =   3.83             seh =   5.95             sez =   8.46   quality = d                                                                   
       az  =     6.             az  =   -84.                                                                                                          
                                                                                                                                                      
 se of orig =   0.64; # of iterations =  21; dmax =     200.00; sequence number =                                                                     
 event type = " "; processing status = " "                                                                                                            
 closest station did not use both p and s                                                                                                             
                                                                                                                                                      
    date    origin      lat      long    depth    mag no d1 gap d  rms    avwt   se                                                                   
 20161020  0 0 37.12 43n 4.66  13e42.60  31.72        16 35 325 1 0.1412  1.00  0.05                                                                  
                                                                                                                                                      
    seh  sez q sqd  adj in nr   avr  aar nm avxm mdxm sdxm nf avfm mdfm sdfm   vpvs                                                                   
    5.9  8.5 d d d 0.71 10 19 .0000 .058  0            0.0  0            0.0  0.000                                                                   
                                                                                                                                                      
                      -- travel times and delays --                                                                                                   
  stn c pha remk p p-sec s-sec resid  std-er   dist  azm ain    tc c vthk  ttob-ttcal-dlay-edly=resid rmk stn pha sources                             
 ED17 z     EP 4   48.83        4.21   -----   35.0  249 114       1      11.71  7.50            4.21    ED17                                         
 ED17 z s   ES 3        53.83   2.76 j 67.56             114       1      16.71 13.95            2.76    ED17 s                                       
 MMO1 z     EP 2   45.40        0.55    0.38   37.0  238 111       1       8.28  7.74            0.55    MMO1                                         
 MMO1 z s   ES 3        53.29   1.78 j 67.56             111       1      16.17 14.39            1.78    MMO1 s                                       
 ED16 z     EP 3   46.72        1.24 j  2.02   42.4  231 104       1       9.60  8.36            1.24    ED16                                         
 ED16 z s   ES 3        53.09   0.41    0.92             104       1      15.97 15.56            0.41    ED16 s                                       
 T1245z     EP 3   46.65        0.33    0.52   49.2  240  98       1       9.53  9.21            0.33    T1245                                        
 ED19 z     EP 3   46.82        0.43    0.52   49.7  250  98       1       9.70  9.28            0.43    ED19                                         
 MZ104z     EP 2   47.29        0.24    0.25   55.1  223  96       1      10.17  9.94            0.24    MZ104                                        
 NRCA z     EP 0   47.08       -0.04    0.05   55.7  241  96       1       9.96 10.00           -0.04    NRCA                                         
 ED10 z     EP 2   48.13        0.80    0.27   57.2  234  95       1      11.01 10.21            0.80    ED10                                         
 T1216z     EP 3   48.05        0.37    0.50   60.1  250  95       1      10.93 10.57            0.37    T1216                                        
 MZ08 z     EP 4   50.52        2.80   -----   60.4  215  94       1      13.40 10.60            2.80    MZ08                                         
 MZ08 z s   ES 3        55.52  -1.32 j  1.55              94       1      18.40 19.72           -1.32    MZ08 s                                       
 T1212z     EP 0   48.32       -0.01    0.05   65.3  237  94       1      11.20 11.22           -0.01    T1212                                        
 T1218z     EP 4   53.35        4.87   -----   66.4  227  94       1      16.23 11.36            4.87    T1218                                        
 T1218z s   ES 3        58.35   0.11    0.61              94       1      21.23 21.13            0.11    T1218s                                       
 ED12 z     EP 3   47.97       -0.57    0.53   67.0  244  93       1      10.85 11.43           -0.57    ED12                                         
 T1215z     EP 3   49.73        0.16    0.50   75.2  246  93       1      12.61 12.45            0.16    T1215                                        
                                                                                                                                                      
                       
                       
                       
 16/10/20    00:01            earthquake location                                                                                                     
         -az/dp--step---se =az/dp==step===se -az/dp--step---se                                                                                        
         329/ 9 .0014 .628  61/15 -.002 .448 209/73 .0615 2.42                                                                                        
                                                                                                                                                      
 horizontal and vertical single variable standard deviations (68% - one degree of freedom; max 99 km)                                                 
       seh =   0.31             seh =   0.47             sez =   1.24   quality = a                                                                   
       az  =   -72.             az  =    18.                                                                                                          
                                                                                                                                                      
 se of orig =   0.18; # of iterations =   6; dmax =     200.00; sequence number =                                                                     
 event type = " "; processing status = " "                                                                                                            
 closest station did not use both p and s                                                                                                             
                                                                                                                                                      
    date    origin      lat      long    depth    mag no d1 gap d  rms    avwt   se                                                                   
 20161020  0 1 31.66 42n37.25  13e13.30   7.55        41  0  70 1 0.0550  1.00  0.05                                                                  
                                                                                                                                                      
    seh  sez q sqd  adj in nr   avr  aar nm avxm mdxm sdxm nf avfm mdfm sdfm   vpvs                                                                   
    0.5  1.2 b b a 0.08 10 45 -.000 .035  0            0.0  0            0.0  0.000                                                                   
                                                                                                                                                      
                      -- travel times and delays --                                                                                                   
  stn c pha remk p p-sec s-sec resid  std-er   dist  azm ain    tc c vthk  ttob-ttcal-dlay-edly=resid rmk stn pha sources                             
 MZ16 z     EP 1   33.04        0.01    0.13    0.2  230 179       1       1.38  1.37            0.01    MZ16                                         
 MZ18 z     EP 1   33.13        0.02    0.13    2.6  165 159       1       1.47  1.45            0.02    MZ18                                         
 MZ19 z     EP 1   33.17        0.06    0.13    2.6  332 159       1       1.51  1.45            0.06    MZ19                                         
 MZ20 z     EP 0   33.15        0.03    0.05    2.9   19 157       1       1.49  1.47            0.03    MZ20                                         
 ED03 z     EP 0   33.16        0.01    0.05    3.2  232 154       1       1.50  1.49            0.01    ED03                                         
 ED24 z     EP 0   33.24       -0.02    0.05    4.6  328 145       1       1.58  1.60           -0.02    ED24                                         
 MZ21 z     EP 1   33.32        0.01    0.13    5.1   48 142       1       1.66  1.65            0.01    MZ21                                         
 T1299z     EP 0   33.26       -0.06    0.05    5.2   73 141       1       1.60  1.66           -0.06    T1299                                        
 MZ08 z     EP 0   33.33       -0.02    0.05    5.5   76 139       1       1.67  1.69           -0.02    MZ08                                         
 MZ12 z     EP 2   33.39        0.00    0.25    5.8   82 138       1       1.73  1.73            0.00    MZ12                                         
 MZ27 z     EP 3   33.48        0.05    0.50    6.2   99 135       1       1.82  1.77            0.05    MZ27                                         
 MZ10 z     EP 1   33.44       -0.02    0.13    6.4   86 134       1       1.78  1.80           -0.02    MZ10                                         
 MZ24 z     EP 0   33.48       -0.00    0.05    6.7   55 133       1       1.82  1.83           -0.00    MZ24                                         
 MZ23 z     EP 3   32.61       -0.92    0.92    7.1   65 131       1       0.95  1.87           -0.92    MZ23                                         
 MZ28 z     EP 3   34.29        0.76    0.83    7.1   89 131       1       2.63  1.87            0.76    MZ28                                         
 MZ06 z     EP 0   33.57        0.03    0.05    7.2   47 131       1       1.91  1.89            0.03    MZ06                                         
 MZ60 z     EP 1   33.56       -0.00    0.13    7.3   78 130       1       1.90  1.90           -0.00    MZ60                                         
 MZ09 z     EP 3   33.62        0.05    0.50    7.4   71 130       1       1.96  1.91            0.05    MZ09                                         
 MZ07 z     EP 1   33.60        0.02    0.13    7.5   65 129       1       1.94  1.92            0.02    MZ07                                         
 MZ02 z     EP 1   33.61        0.02    0.13    7.6   44 129       1       1.95  1.93            0.02    MZ02                                         
 MZ61 z     EP 3   32.72       -0.89    0.83    7.8   79 128       1       1.06  1.95           -0.89    MZ61                                         
 MZ26 z     EP 3   34.26        0.65    0.64    7.8   88 128       1       2.60  1.95            0.65    MZ26                                         
 MZ25 z     EP 3   32.68       -0.96    0.92    8.0   88 127       1       1.02  1.98           -0.96    MZ25                                         
 MZ03 z     EP 0   33.75        0.07    0.05    8.3   41 126       1       2.09  2.02            0.07    MZ03                                         
 MZ11 z     EP 1   33.76        0.06    0.13    8.5   56 126       1       2.10  2.04            0.06    MZ11                                         
 MZ103z     EP 1   33.67       -0.03    0.13    8.5   11 126       1       2.01  2.04           -0.03    MZ103                                        
 MZ05 z     EP 1   33.77        0.05    0.13    8.7   37 125       1       2.11  2.06            0.05    MZ05                                         
 MZ62 z     EP 3   33.92        0.19    0.50    8.7   80 125       1       2.26  2.07            0.19    MZ62                                         
 MZ100z     EP 0   33.67       -0.06    0.05    8.7   18 125       1       2.01  2.07           -0.06    MZ100                                        
 SMA1 z     EP 3   33.96        0.13    0.50    9.4   83 122       1       2.30  2.17            0.13    SMA1                                         
 MZ64 z     EP 3   34.08        0.22    0.51    9.6   89 121       1       2.42  2.20            0.22    MZ64                                         
 MZ101z     EP 1   33.83       -0.06    0.13    9.8   20 121       1       2.17  2.23           -0.06    MZ101                                        
 T1218z     EP 3   34.13        0.18    0.50   10.3  302 119       1       2.47  2.29            0.18    T1218                                        
 MZ104z     EP 1   34.01        0.03    0.13   10.5   14 119       1       2.35  2.32            0.03    MZ104                                        
 ED25 z     EP 3   34.12        0.07    0.50   11.0  103 117       1       2.46  2.39            0.07    ED25                                         
 ED07 z     EP 3   35.04       -0.38    0.51   20.0   88 103       1       3.38  3.76           -0.38    ED07                                         
 ED08 z     EP 4   37.15        1.32   -----   22.6  217 101       1       5.49  4.18            1.32    ED08                                         
 ED08 z s   ES 3        42.15   2.72 j 67.56             101       1      10.49  7.77            2.72    ED08 s                                       
 T1245z     EP 4   44.03        7.62   -----   26.3  354 100       1      12.37  4.76            7.62    T1245                                        
 T1245z s   ES 3        49.03   8.53 j 67.56             100       1      17.37  8.85            8.53    T1245s                                       
 MC2  z     EP 4   43.78        6.39   -----   32.4  355  97       1      12.12  5.74            6.39    MC2                                          
 MC2  z s   ES 3        48.78   6.45 j 67.56              97       1      17.12 10.67            6.45    MC2  s                                       
 ED19 z     EP 4   43.26        5.63   -----   33.9  349  97       1      11.60  5.97            5.63    ED19                                         
 ED19 z s   ES 3        48.26   5.49 j 67.56              97       1      16.60 11.11            5.49    ED19 s                                       
 ED18 z     EP 3   37.28       -1.53 j 56.52   41.2    2  96       1       5.62  7.15           -1.53    ED18                                         
                                                                                                                                                      
                       
                       
                       
 16/10/20    00:02            earthquake location                                                                                                     
         -az/dp--step---se =az/dp==step===se -az/dp--step---se                                                                                        
          54/ 3 .0066 .407 147/44 .1446 1.08 321/46 .0131 .809                                                                                        
                                                                                                                                                      
 horizontal and vertical single variable standard deviations (68% - one degree of freedom; max 99 km)                                                 
       seh =   0.22             seh =   0.51             sez =   0.51   quality = a                                                                   
       az  =  -125.             az  =   -35.                                                                                                          
                                                                                                                                                      
 se of orig =   0.07; # of iterations =   9; dmax =     200.00; sequence number =                                                                     
 event type = " "; processing status = " "                                                                                                            
 s minus p interval for closest station =       1.82                                                                                                  
                                                                                                                                                      
    date    origin      lat      long    depth    mag no d1 gap d  rms    avwt   se                                                                   
 20161020  0 2  0.91 42n44.34  13e15.71  12.20        36  2  77 1 0.1027  1.00  0.05                                                                  
                                                                                                                                                      
    seh  sez q sqd  adj in nr   avr  aar nm avxm mdxm sdxm nf avfm mdfm sdfm   vpvs                                                                   
    0.5  0.5 b b a 0.08 10 40 .0000 .075  0            0.0  0            0.0  0.000                                                                   
                                                                                                                                                      
                      -- travel times and delays --                                                                                                   
  stn c pha remk p p-sec s-sec resid  std-er   dist  azm ain    tc c vthk  ttob-ttcal-dlay-edly=resid rmk stn pha sources                             
 ED23 z     EP 1    3.17        0.11    0.17    2.1   77 169       1       2.26  2.15            0.11    ED23                                         
 ED23 z s   ES 2         4.99   0.09    0.35             169       1       4.08  4.00            0.09    ED23 s                                       
 MZ104z     EP 0    3.18        0.09    0.06    3.0  194 165       1       2.27  2.18            0.09    MZ104                                        
 MZ104z s   ES 1         4.94  -0.02    0.17             165       1       4.03  4.06           -0.02    MZ104s                                       
 T1244z     EP 0    3.21        0.10    0.06    3.6   56 162       1       2.30  2.20            0.10    T1244                                        
 T1244z s   ES 2         5.00  -0.01    0.32             162       1       4.09  4.10           -0.01    T1244s                                       
 MZ101z     EP 1    3.18        0.05    0.15    3.9  178 161       1       2.27  2.22            0.05    MZ101                                        
 MZ101z s   ES 2         4.93  -0.11    0.30             161       1       4.02  4.13           -0.11    MZ101s                                       
 MZ100z     EP 1    3.19        0.01    0.14    4.9  187 156       1       2.28  2.28            0.01    MZ100                                        
 MZ100z s   ES 1         4.98  -0.16    0.16             156       1       4.07  4.24           -0.16    MZ100s                                       
 T1214z     EP 3    4.50        1.31 j 56.52    4.9  298 156       1       3.59  2.28            1.31    T1214                                        
 T1214z s   ES 3         5.14  -0.01    0.62             156       1       4.23  4.24           -0.01    T1214s                                       
 MZ103z     EP 3    1.87       -1.33 j 56.52    5.0  199 156       1       0.96  2.29           -1.33    MZ103                                        
 MZ05 z     EP 4    0.48       -2.83   -----    6.5  163 149       1      -0.43  2.40           -2.83    MZ05                                         
 MZ05 z s   ES 3         5.48   0.11    0.76             149       1       4.57  4.46            0.11    MZ05 s                                       
 MZ06 z     EP 1    3.63        0.15    0.20    8.5  166 142       1       2.72  2.58            0.15    MZ06                                         
 MZ06 z s   ES 1         5.86   0.16    0.27             142       1       4.95  4.79            0.16    MZ06 s                                       
 MZ24 z     EP 4    1.01       -2.58   -----    9.6  167 138       1       0.10  2.68           -2.58    MZ24                                         
 MZ24 z s   ES 3         6.01   0.11    0.80             138       1       5.10  4.99            0.11    MZ24 s                                       
 ED10 z     EP 3    3.82        0.10    0.61   10.7  293 135       1       2.91  2.81            0.10    ED10                                         
 T1299z     EP 1    3.94        0.10    0.18   11.8  172 132       1       3.03  2.93            0.10    T1299                                        
 T1299z s   ES 2         6.24  -0.11    0.30             132       1       5.33  5.44           -0.11    T1299s                                       
 MZ08 z     EP 3    3.95        0.09    0.64   12.0  170 131       1       3.04  2.95            0.09    MZ08                                         
 MZ08 z s   ES 3         6.43   0.03    0.67             131       1       5.52  5.50            0.03    MZ08 s                                       
 ED20 z     EP 2    4.06       -0.07    0.26   14.2   86 126       1       3.15  3.22           -0.07    ED20                                         
 ED20 z s   ES 3         6.53  -0.37    0.60             126       1       5.62  6.00           -0.37    ED20 s                                       
 T1218z     EP 0    4.12       -0.01    0.05   14.3  238 126       1       3.21  3.22           -0.01    T1218                                        
 T1218z s   ES 1         6.72  -0.19    0.16             126       1       5.81  6.00           -0.19    T1218s                                       
 T1245z     EP 4    2.08       -2.07   -----   14.4  335 126       1       1.17  3.24           -2.07    T1245                                        
 T1245z s   ES 3         7.08   0.14    0.76             126       1       6.17  6.03            0.14    T1245s                                       
 ED09 z     EP 0    4.17       -0.04    0.05   14.9   63 125       1       3.26  3.30           -0.04    ED09                                         
 ED09 z s   ES 1         6.70  -0.35    0.16             125       1       5.79  6.14           -0.35    ED09 s                                       
 NRCA z     EP 1    4.78        0.41 j  1.60   16.0  311 122       1       3.87  3.46            0.41    NRCA                                         
 NRCA z s   ES 2         7.11  -0.24    0.30             122       1       6.20  6.44           -0.24    NRCA s                                       
 ED03 z     EP 1    4.42        0.02    0.15   16.2  201 122       1       3.51  3.49            0.02    ED03                                         
 ED03 z s   ES 1         7.18  -0.22    0.16             122       1       6.27  6.49           -0.22    ED03 s                                       
 T1212z     EP 2    4.54       -0.08    0.25   17.8  275 119       1       3.63  3.71           -0.08    T1212                                        
 T1212z s   ES 2         7.51  -0.30    0.30             119       1       6.60  6.90           -0.30    T1212s                                       
 MC2  z     EP 4    1.71       -3.22   -----   20.1  343 116       1       0.80  4.02           -3.22    MC2                                          
 MC2  z s   ES 3         6.71  -1.68 j 67.56             116       1       5.80  7.48           -1.68    MC2  s                                       
                                                                                                                                                      
                       
                       
                       
 16/10/20    00:02            earthquake location                                                                                                     
         -az/dp--step---se =az/dp==step===se -az/dp--step---se                                                                                        
         309/ 0 4.460 7.06  39/ 2 -.023 3.01 227/88 1213. 99.0                                                                                        
                                                                                                                                                      
 horizontal and vertical single variable standard deviations (68% - one degree of freedom; max 99 km)                                                 
       seh =   1.68             seh =   3.78             sez =  99.00   quality = d                                                                   
       az  =    39.             az  =   -51.                                                                                                          
                                                                                                                                                      
 se of orig =  10.00; # of iterations =  22; dmax =     200.00; sequence number =                                                                     
 event type = " "; processing status = " "                                                                                                            
 closest station did not use both p and s                                                                                                             
                                                                                                                                                      
    date    origin      lat      long    depth    mag no d1 gap d  rms    avwt   se                                                                   
 20161020  0 2 10.68 43n22.74  13e46.15   6.10        12 56 325 1 1.0181  1.00  0.05                                                                  
                                                                                                                                                      
    seh  sez q sqd  adj in nr   avr  aar nm avxm mdxm sdxm nf avfm mdfm sdfm   vpvs                                                                   
    3.8 99.0 d d d 0.08 10 15 .0000 .772  0            0.0  0            0.0  0.000                                                                   
                                                                                                                                                      
                      -- travel times and delays --                                                                                                   
  stn c pha remk p p-sec s-sec resid  std-er   dist  azm ain    tc c vthk  ttob-ttcal-dlay-edly=resid rmk stn pha sources                             
 CSP1 z     EP 3   20.95        0.79    0.50   55.8  235  92       1      10.27  9.48            0.79    CSP1                                         
 MC2  z     EP 3   23.46        0.98    0.50   70.2  222  92       1      12.78 11.80            0.98    MC2                                          
 ED16 z     EP 4   29.95        7.34   -----   71.0  212  92       1      19.27 11.93            7.34    ED16                                         
 ED16 z s   ES 2        34.95   2.08    0.31              92       1      24.27 22.18            2.08    ED16 s                                       
 T1245z     EP 4   29.49        6.25   -----   74.9  219  92       1      18.81 12.55            6.25    T1245                                        
 T1245z s   ES 3        34.49   0.46    0.60              92       1      23.81 23.35            0.46    T1245s                                       
 T1244z     EP 4   30.69        6.78   -----   79.0  209  92       1      20.01 13.23            6.78    T1244                                        
 T1244z s   ES 2        35.69   0.41    0.30              92       1      25.01 24.60            0.41    T1244s                                       
 NRCA z     EP 3   25.00        0.82    0.51   80.7  222  92       1      14.32 13.49            0.82    NRCA                                         
 NRCA z s   ES 1        35.55  -0.23    0.16              92       1      24.87 25.10           -0.23    NRCA s                                       
 T1214z     EP 3   23.88       -0.60    0.50   82.6  214  92       1      13.20 13.80           -0.60    T1214                                        
 ED10 z     EP 3   25.00        0.26    0.51   84.2  218  92       1      14.32 14.06            0.26    ED10                                         
 ED10 z s   ES 2        35.07  -1.76    0.31              92       1      24.39 26.14           -1.76    ED10 s                                       
 MZ26 z     EP 3   24.98       -0.97    0.51   91.7  204  91       1      14.30 15.26           -0.97    MZ26                                         
 T1247z     EP 3   27.56       -1.50    0.54  111.0  200  91       1      16.88 18.38           -1.50    T1247                                        
                                                                                                                                                      
                       
                       
                       
 16/10/20    00:02            earthquake location                                                                                                     
         -az/dp--step---se =az/dp==step===se -az/dp--step---se                                                                                        
          15/ 0 -2.63 7.73 285/ 0 -9.81 28.0   0/90 0.000 99.0                                                                                        
                                                                                                                                                      
 horizontal and vertical single variable standard deviations (68% - one degree of freedom; max 99 km)                                                 
       seh =   4.14             seh =  15.00             sez =  16.67   quality = d                                                                   
       az  =    15.             az  =   -75.                                                                                                          
                                                                                                                                                      
 se of orig =  10.00; # of iterations =  21; dmax =     200.00; sequence number =                                                                     
 event type = " "; processing status = " "                                                                                                            
 closest station did not use both p and s                                                                                                             
                                                                                                                                                      
    date    origin      lat      long    depth    mag no d1 gap d  rms    avwt   se                                                                   
 20161020  0 2 19.25 43n54.34  13e26.14  30.24        19100 332 1 0.5224  1.00  0.05                                                                  
                                                                                                                                                      
    seh  sez q sqd  adj in nr   avr  aar nm avxm mdxm sdxm nf avfm mdfm sdfm   vpvs                                                                   
   15.0 16.7 d d d 0.40 10 30 .0000 .353  0            0.0  0            0.0  0.000                                                                   
                                                                                                                                                      
                      -- travel times and delays --                                                                                                   
  stn c pha remk p p-sec s-sec resid  std-er   dist  azm ain    tc c vthk  ttob-ttcal-dlay-edly=resid rmk stn pha sources                             
 ED22 z     EP 4   42.77        7.94   -----  100.3  185  90       1      23.52 15.58            7.94    ED22                                         
 ED22 z s   ES 3        47.77  -0.47    0.75              90       1      28.52 28.98           -0.47    ED22 s                                       
 OFFI z     EP 3   35.79       -0.22    0.70  109.7  169  90       1      16.54 16.76           -0.22    OFFI                                         
 ED19 z     EP 3   36.64        0.32    0.75  112.1  192  90       1      17.39 17.07            0.32    ED19                                         
 MMO1 z     EP 4   45.36        9.04   -----  112.1  185  90       1      26.11 17.07            9.04    MMO1                                         
 MMO1 z s   ES 3        50.36  -0.64    0.89              90       1      31.11 31.74           -0.64    MMO1 s                                       
 MC2  z     EP 3   36.21       -0.12    0.75  112.2  190  90       1      16.96 17.08           -0.12    MC2                                          
 MC2  z s   ES 2        50.85  -0.17    0.45              90       1      31.60 31.77           -0.17    MC2  s                                       
 ED10 z     EP 4   50.30       12.05   -----  127.6  191  90       1      31.05 19.00           12.05    ED10                                         
 ED10 z s   ES 3        55.30   0.70    1.25              90       1      36.05 35.35            0.70    ED10 s                                       
 ED20 z     EP 3   38.12       -0.24    1.07  128.5  180  90       1      18.87 19.11           -0.24    ED20                                         
 T1214z     EP 4   49.88       11.50   -----  128.6  188  90       1      30.63 19.13           11.50    T1214                                        
 T1214z s   ES 2        54.88   0.05    0.65              90       1      35.63 35.58            0.05    T1214s                                       
 MZ098z     EP 3   40.42        1.72    1.23  131.2  186  90       1      21.17 19.45            1.72    MZ098                                        
 MZ104z     EP 4   51.95       12.98   -----  133.4  186  90       1      32.70 19.72           12.98    MZ104                                        
 MZ104z s   ES 3        56.95   1.02    1.50              90       1      37.70 36.68            1.02    MZ104s                                       
 MZ103z     EP 4   51.34       12.13   -----  135.3  187  90       1      32.09 19.96           12.13    MZ103                                        
 MZ103z s   ES 3        56.34  -0.04    1.62              90       1      37.09 37.13           -0.04    MZ103s                                       
 MZ02 z     EP 4   51.75       12.22   -----  137.8  185  90       1      32.50 20.27           12.22    MZ02                                         
 MZ02 z s   ES 3        56.75  -0.21    1.80              90       1      37.50 37.71           -0.21    MZ02 s                                       
 MZ06 z     EP 4   51.79       12.19   -----  138.4  185  90       1      32.54 20.35           12.19    MZ06                                         
 MZ06 z s   ES 3        56.79  -0.31    1.85              90       1      37.54 37.85           -0.31    MZ06 s                                       
 T1217z     EP 4   51.65       12.00   -----  138.8  197  90       1      32.40 20.40           12.00    T1217                                        
 T1217z s   ES 3        56.65  -0.54    1.88              90       1      37.40 37.94           -0.54    T1217s                                       
 ED24 z     EP 4   52.60       12.77   -----  140.3  188  90       1      33.35 20.58           12.77    ED24                                         
 ED24 z s   ES 3        57.60   0.07    2.03              90       1      38.35 38.28            0.07    ED24 s                                       
 T1299z     EP 4   54.14       14.12   -----  141.8  185  90       1      34.89 20.77           14.12    T1299                                        
 T1299z s   ES 3        59.14   1.25    2.18              90       1      39.89 38.64            1.25    T1299s                                       
 MZ64 z     EP 3   41.95        1.80    2.03  142.8  183  90       1      22.70 20.90            1.80    MZ64                                         
 MZ15 z     EP 3   41.56        1.24    2.19  144.2  187  90       1      22.31 21.07            1.24    MZ15                                         
                                                                                                                                                      
                       
                       
                       
 16/10/20    00:02            earthquake location                                                                                                     
         -az/dp--step---se =az/dp==step===se -az/dp--step---se                                                                                        
         134/ 3 .0217 .182 225/18 -.020 .251  36/71 -.036 .415                                                                                        
                                                                                                                                                      
 horizontal and vertical single variable standard deviations (68% - one degree of freedom; max 99 km)                                                 
       seh =   0.10             seh =   0.15             sez =   0.21   quality = a                                                                   
       az  =   -48.             az  =    42.                                                                                                          
                                                                                                                                                      
 se of orig =   0.03; # of iterations =   4; dmax =     200.00; sequence number =                                                                     
 event type = " "; processing status = " "                                                                                                            
 s minus p interval for closest station =       1.13                                                                                                  
                                                                                                                                                      
    date    origin      lat      long    depth    mag no d1 gap d  rms    avwt   se                                                                   
 20161020  0 2 37.03 42n45.19  13e10.96   6.64       103  2  33 1 0.0769  1.00  0.05                                                                  
                                                                                                                                                      
    seh  sez q sqd  adj in nr   avr  aar nm avxm mdxm sdxm nf avfm mdfm sdfm   vpvs                                                                   
    0.1  0.2 a a a 0.19 10112 -.000 .059  0            0.0  0            0.0  0.000                                                                   
                                                                                                                                                      
                      -- travel times and delays --                                                                                                   
  stn c pha remk p p-sec s-sec resid  std-er   dist  azm ain    tc c vthk  ttob-ttcal-dlay-edly=resid rmk stn pha sources                             
 T1214z     EP 0   38.28       -0.04    0.05    2.2   72 159       1       1.25  1.29           -0.04    T1214                                        
 T1214z s   ES 0        39.41  -0.02    0.06             159       1       2.38  2.41           -0.02    T1214s                                       
 ED10 z     EP 1   38.51        0.02    0.14    4.3  308 142       1       1.48  1.46            0.02    ED10                                         
 ED10 z s   ES 1        39.71  -0.03    0.16             142       1       2.68  2.72           -0.03    ED10 s                                       
 T1202z     EP 2   38.70       -0.03    0.25    6.5  148 129       1       1.67  1.70           -0.03    T1202                                        
 T1202z s   ES 0        40.28   0.08    0.06             129       1       3.25  3.17            0.08    T1202s                                       
 MZ104z     EP 1   38.77       -0.06    0.13    7.3  128 125       1       1.74  1.80           -0.06    MZ104                                        
 MZ104z s   ES 2        41.05   0.67 j 33.78             125       1       4.02  3.35            0.67    MZ104s                                       
 MZ098z     EP 3   38.36       -0.50 j  2.02    7.6  109 124       1       1.33  1.83           -0.50    MZ098                                        
 MZ098z s   ES 3        40.43  -0.01    0.60             124       1       3.40  3.41           -0.01    MZ098s                                       
 MZ103z     EP 0   38.85       -0.08    0.05    8.0  143 122       1       1.82  1.90           -0.08    MZ103                                        
 MZ103z s   ES 0        40.54  -0.02    0.06             122       1       3.51  3.53           -0.02    MZ103s                                       
 MZ099z     EP 3   38.84       -0.16    0.50    8.5  162 120       1       1.81  1.97           -0.16    MZ099                                        
 MZ099z s   ES 3        40.63  -0.07    0.60             120       1       3.60  3.67           -0.07    MZ099s                                       
 MZ101z     EP 3   38.93       -0.08    0.50    8.6  130 120       1       1.90  1.98           -0.08    MZ101                                        
 MZ101z s   ES 1        40.62  -0.09    0.16             120       1       3.59  3.69           -0.09    MZ101s                                       
 ED23 z     EP 0   39.11        0.10    0.05    8.6   97 120       1       2.08  1.99            0.10    ED23                                         
 ED23 z s   ES 1        41.02   0.30 j  0.55             120       1       3.99  3.70            0.30    ED23 s                                       
 MZ100z     EP 0   38.95       -0.08    0.05    8.7  137 119       1       1.92  2.00           -0.08    MZ100                                        
 MZ100z s   ES 2        40.64  -0.11    0.30             119       1       3.61  3.72           -0.11    MZ100s                                       
 T1244z     EP 1   39.19        0.06    0.14    9.4   87 117       1       2.16  2.10            0.06    T1244                                        
 T1244z s   ES 2        41.13   0.20    0.43             117       1       4.10  3.91            0.20    T1244s                                       
 NRCA z     EP 0   39.29        0.01    0.05   10.5  328 114       1       2.26  2.26            0.01    NRCA                                         
 NRCA z s   ES 1        41.16  -0.06    0.16             114       1       4.13  4.19           -0.06    NRCA s                                       
 T1218z     EP 0   39.28       -0.03    0.05   10.8  211 113       1       2.25  2.29           -0.03    T1218                                        
 T1218z s   ES 1        41.34   0.06    0.16             113       1       4.31  4.25            0.06    T1218s                                       
 ED24 z     EP 1   39.20       -0.13    0.13   10.9  176 113       1       2.17  2.30           -0.13    ED24                                         
 ED24 z s   ES 1        41.28  -0.02    0.16             113       1       4.25  4.28           -0.02    ED24 s                                       
 T1212z     EP 1   39.47        0.06    0.14   11.3  269 111       1       2.44  2.38            0.06    T1212                                        
 T1212z s   ES 0        41.51   0.06    0.06             111       1       4.48  4.43            0.06    T1212s                                       
 MZ05 z     EP 1   39.57        0.14    0.15   11.5  133 111       1       2.54  2.41            0.14    MZ05                                         
 MZ05 z s   ES 2        41.91   0.40 j  4.37             111       1       4.88  4.48            0.40    MZ05 s                                       
 T1245z     EP 3   39.69        0.25 j  1.49   11.5    2 111       1       2.66  2.41            0.25    T1245                                        
 T1245z s   ES 3        41.76   0.25 j  2.42             111       1       4.73  4.48            0.25    T1245s                                       
 MZ03 z     EP 1   39.71        0.18    0.18   12.1  134 110       1       2.68  2.50            0.18    MZ03                                         
 MZ03 z s   ES 2        42.18   0.50 j 26.37             110       1       5.15  4.65            0.50    MZ03 s                                       
 MZ02 z     EP 0   39.69        0.10    0.05   12.5  137 109       1       2.66  2.56            0.10    MZ02                                         
 MZ02 z s   ES 2        42.10   0.30 j  0.89             109       1       5.07  4.77            0.30    MZ02 s                                       
 MZ19 z     EP 2   39.52       -0.08    0.25   12.6  171 109       1       2.49  2.58           -0.08    MZ19                                         
 MZ19 z s   ES 1        41.86   0.04    0.16             109       1       4.83  4.79            0.04    MZ19 s                                       
 MZ20 z     EP 0   39.61       -0.00    0.05   12.7  161 108       1       2.58  2.59           -0.00    MZ20                                         
 MZ20 z s   ES 1        41.88   0.04    0.16             108       1       4.85  4.81            0.04    MZ20 s                                       
 MZ06 z     EP 1   39.74        0.08    0.14   13.0  139 108       1       2.71  2.63            0.08    MZ06                                         
 MZ06 z s   ES 1        42.18   0.25    0.29             108       1       5.15  4.90            0.25    MZ06 s                                       
 MZ21 z     EP 1   39.82        0.12    0.15   13.2  148 107       1       2.79  2.67            0.12    MZ21                                         
 MZ21 z s   ES 1        42.31   0.31 j  0.55             107       1       5.28  4.97            0.31    MZ21 s                                       
 ED16 z     EP 3   39.04       -0.75 j 56.52   13.8   47 107       1       2.01  2.76           -0.75    ED16                                         
 ED16 z s   ES 2        42.17   0.01    0.30             107       1       5.14  5.14            0.01    ED16 s                                       
 MZ24 z     EP 0   39.88        0.08    0.05   13.9  141 106       1       2.85  2.78            0.08    MZ24                                         
 MZ24 z s   ES 1        42.48   0.29 j  0.42             106       1       5.45  5.17            0.29    MZ24 s                                       
 ED11 z     EP 1   39.95        0.11    0.14   14.2  240 106       1       2.92  2.82            0.11    ED11                                         
 ED11 z s   ES 2        42.40   0.14    0.33             106       1       5.37  5.24            0.14    ED11 s                                       
 MZ16 z     EP 0   40.02        0.03    0.05   15.1  168 105       1       2.99  2.96            0.03    MZ16                                         
 MZ16 z s   ES 2        42.73   0.19    0.36             105       1       5.70  5.51            0.19    MZ16 s                                       
 MZ07 z     EP 3   40.17        0.16    0.61   15.2  139 104       1       3.14  2.98            0.16    MZ07                                         
 MZ07 z s   ES 3        42.07  -0.50 j  2.85             104       1       5.04  5.55           -0.50    MZ07 s                                       
 MZ15 z     EP 3   40.12        0.09    0.53   15.4  168 104       1       3.09  3.00            0.09    MZ15                                         
 T1299z     EP 1   40.01       -0.04    0.13   15.5  148 104       1       2.98  3.03           -0.04    T1299                                        
 T1299z s   ES 0        42.64  -0.02    0.06             104       1       5.61  5.63           -0.02    T1299s                                       
 MZ08 z     EP 0   40.12        0.01    0.05   15.9  148 104       1       3.09  3.08            0.01    MZ08                                         
 MZ08 z s   ES 1        42.81   0.05    0.16             104       1       5.78  5.73            0.05    MZ08 s                                       
 MZ09 z     EP 4   37.86       -2.26   -----   16.0  140 104       1       0.83  3.10           -2.26    MZ09                                         
 MZ09 z s   ES 3        42.86   0.07    0.62             104       1       5.83  5.76            0.07    MZ09 s                                       
 MZ12 z     EP 3   40.32        0.11    0.54   16.5  147 103       1       3.29  3.18            0.11    MZ12                                         
 MZ12 z s   ES 1        43.09   0.14    0.18             103       1       6.06  5.92            0.14    MZ12 s                                       
 ED03 z     EP 0   40.09       -0.14    0.05   16.7  178 103       1       3.06  3.21           -0.14    ED03                                         
 ED03 z s   ES 1        42.85  -0.14    0.16             103       1       5.82  5.96           -0.14    ED03 s                                       
 MZ60 z     EP 3   40.36        0.12    0.56   16.7  142 103       1       3.33  3.21            0.12    MZ60                                         
 MZ60 z s   ES 3        43.36   0.36 j  4.04             103       1       6.33  5.97            0.36    MZ60 s                                       
 MZ10 z     EP 1   40.32        0.01    0.14   17.2  146 102       1       3.29  3.28            0.01    MZ10                                         
 MZ10 z s   ES 1        43.19   0.06    0.16             102       1       6.16  6.10            0.06    MZ10 s                                       
 MC2  z     EP 4   38.50       -1.88   -----   17.6    2 102       1       1.47  3.35           -1.88    MC2                                          
 MC2  z s   ES 2        43.50   0.24 j  0.78             102       1       6.47  6.23            0.24    MC2  s                                       
 MZ62 z     EP 3   40.64        0.26 j  1.14   17.6  138 102       1       3.61  3.35            0.26    MZ62                                         
 ED12 z     EP 3   41.17        0.76 j 56.52   17.8  289 102       1       4.14  3.38            0.76    ED12                                         
 ED12 z s   ES 2        43.75   0.43 j 10.31             102       1       6.72  6.29            0.43    ED12 s                                       
 MZ28 z     EP 1   40.39       -0.03    0.13   17.9  145 102       1       3.36  3.39           -0.03    MZ28                                         
 MZ28 z s   ES 2        43.47   0.13    0.33             102       1       6.44  6.31            0.13    MZ28 s                                       
 MZ26 z     EP 2   40.47        0.02    0.25   18.1  143 102       1       3.44  3.43            0.02    MZ26                                         
 MZ26 z s   ES 3        43.16  -0.24    0.62             102       1       6.13  6.37           -0.24    MZ26 s                                       
 MZ27 z     EP 1   40.44       -0.03    0.13   18.2  149 101       1       3.41  3.44           -0.03    MZ27                                         
 MZ27 z s   ES 2        43.58   0.15    0.33             101       1       6.55  6.41            0.15    MZ27 s                                       
 MZ25 z     EP 1   40.48        0.00    0.13   18.3  142 101       1       3.45  3.45            0.00    MZ25                                         
 MZ25 z s   ES 2        43.29  -0.16    0.30             101       1       6.26  6.42           -0.16    MZ25 s                                       
 SMA1 z     EP 2   40.69        0.17    0.32   18.5  137 101       1       3.66  3.49            0.17    SMA1                                         
 SMA1 z s   ES 2        44.07   0.55 j 33.78             101       1       7.04  6.49            0.55    SMA1 s                                       
 ED19 z     EP 4   38.89       -1.68   -----   18.8  349 101       1       1.86  3.54           -1.68    ED19                                         
 ED19 z s   ES 2        43.89   0.27 j  1.21             101       1       6.86  6.59            0.27    ED19 s                                       
 MMO1 z     EP 3   40.16       -0.60 j  5.98   20.1   36 100       1       3.13  3.74           -0.60    MMO1                                         
 MMO1 z s   ES 1        43.89  -0.09    0.16             100       1       6.86  6.95           -0.09    MMO1 s                                       
 T1216z     EP 3   41.08        0.28 j  1.73   20.3  319 100       1       4.05  3.77            0.28    T1216                                        
 T1216z s   ES 3        44.22   0.18    0.85             100       1       7.19  7.02            0.18    T1216s                                       
 LNSS z     EP 3   40.83        0.02    0.51   20.4  215 100       1       3.80  3.78            0.02    LNSS                                         
 LNSS z s   ES 2        44.14   0.08    0.31             100       1       7.11  7.03            0.08    LNSS s                                       
 ED09 z     EP 3   40.85        0.04    0.52   20.4   75 100       1       3.82  3.79            0.04    ED09                                         
 ED09 z s   ES 1        43.69  -0.38    0.19             100       1       6.66  7.05           -0.38    ED09 s                                       
 ED20 z     EP 4   38.47       -2.39   -----   20.7   91 100       1       1.44  3.83           -2.39    ED20                                         
 ED20 z s   ES 1        43.47  -0.69 j 11.05             100       1       6.44  7.13           -0.69    ED20 s                                       
 T1217z     EP 4   39.23       -1.70   -----   21.1  258  99       1       2.20  3.91           -1.70    T1217                                        
 T1217z s   ES 1        44.23  -0.07    0.16              99       1       7.20  7.27           -0.07    T1217s                                       
 ED17 z     EP 4   40.57       -1.11   -----   25.8   23  97       1       3.54  4.66           -1.11    ED17                                         
 ED17 z s   ES 3        45.57  -0.12    0.60              97       1       8.54  8.66           -0.12    ED17 s                                       
 T1215z     EP 3   41.44       -0.32    0.55   26.3  282  97       1       4.41  4.74           -0.32    T1215                                        
 T1215z s   ES 3        45.95   0.11    0.67              97       1       8.92  8.81            0.11    T1215s                                       
 ED18 z     EP 4   41.40       -0.47   -----   26.9   11  97       1       4.37  4.84           -0.47    ED18                                         
 ED18 z s   ES 3        46.40   0.36 j 10.74              97       1       9.37  9.01            0.36    ED18 s                                       
 RM33 z     EP 3   42.46        0.54 j 56.52   27.2  174  97       1       5.43  4.89            0.54    RM33                                         
 ED22 z     EP 3   42.73        0.29 j  2.38   30.5   22  96       1       5.70  5.41            0.29    ED22                                         
 T1211z     EP 4   43.56        0.19   -----   36.3  228  95       1       6.53  6.35            0.19    T1211                                        
 T1211z s   ES 2        48.56  -0.27    0.32              95       1      11.53 11.81           -0.27    T1211s                                       
 ED14 z     EP 4   44.48        0.52   -----   39.9  149  94       1       7.45  6.93            0.52    ED14                                         
 ED14 z s   ES 3        49.48  -0.43    1.22              94       1      12.45 12.89           -0.43    ED14 s                                       
                                                                                                                                                      
                       
                       
                       
 16/10/20    00:03            earthquake location                                                                                                     
         -az/dp--step---se =az/dp==step===se -az/dp--step---se                                                                                        
         188/ 3 -.104 2.57  97/33 -1.43 6.10 283/57 -26.9 17.1                                                                                        
                                                                                                                                                      
 horizontal and vertical single variable standard deviations (68% - one degree of freedom; max 99 km)                                                 
       seh =   1.39             seh =   5.68             sez =   7.87   quality = d                                                                   
       az  =    11.             az  =   -79.                                                                                                          
                                                                                                                                                      
 se of orig =   0.51; # of iterations =  21; dmax =     200.00; sequence number =                                                                     
 event type = " "; processing status = " "                                                                                                            
 closest station did not use both p and s                                                                                                             
                                                                                                                                                      
    date    origin      lat      long    depth    mag no d1 gap d  rms    avwt   se                                                                   
 20161020  0 3 31.89 42n58.85  13e30.07  34.02        10 27 273 1 0.6360  1.00  0.05                                                                  
                                                                                                                                                      
    seh  sez q sqd  adj in nr   avr  aar nm avxm mdxm sdxm nf avfm mdfm sdfm   vpvs                                                                   
    5.7  7.9 d d d 0.89 10 14 -.000 .401  0            0.0  0            0.0  0.000                                                                   
                                                                                                                                                      
                      -- travel times and delays --                                                                                                   
  stn c pha remk p p-sec s-sec resid  std-er   dist  azm ain    tc c vthk  ttob-ttcal-dlay-edly=resid rmk stn pha sources                             
 MC2  z     EP 3   38.83        0.16    0.50   26.6  253 131       1       6.94  6.78            0.16    MC2                                          
 CSP1 z     EP 2   38.93        0.21    0.25   27.1  297 130       1       7.04  6.82            0.21    CSP1                                         
 CSP1 z s   ES 3        43.62  -0.96    0.60             130       1      11.73 12.69           -0.96    CSP1 s                                       
 T1245z     EP 4   41.12        2.21   -----   29.1  242 127       1       9.23  7.02            2.21    T1245                                        
 T1245z s   ES 3        46.12   1.17    0.65             127       1      14.23 13.05            1.17    T1245s                                       
 MZ104z     EP 3   39.53       -0.11    0.51   36.0  214 118       1       7.64  7.75           -0.11    MZ104                                        
 ED10 z     EP 4   41.29        1.53   -----   37.1  233 117       1       9.40  7.87            1.53    ED10                                         
 ED10 z s   ES 2        46.29  -0.24    0.30             117       1      14.40 14.64           -0.24    ED10 s                                       
 MZ103z     EP 3   38.84       -1.03    0.54   38.1  214 116       1       6.95  7.98           -1.03    MZ103                                        
 MZ103z s   ES 3        46.58  -0.15    0.60             116       1      14.69 14.84           -0.15    MZ103s                                       
 MZ16 z     EP 4   43.28        2.47   -----   46.2  210 108       1      11.39  8.92            2.47    MZ16                                         
 MZ16 z s   ES 2        48.28  -0.20    0.30             108       1      16.39 16.59           -0.20    MZ16 s                                       
 ED02 z     EP 4   49.73        6.89   -----   62.8  228  99       1      17.84 10.94            6.89    ED02                                         
 ED02 z s   ES 3        54.73   2.48    0.70              99       1      22.84 20.36            2.48    ED02 s                                       
                                                                                                                                                      
                       
                       
                       
 16/10/20    00:03            earthquake location                                                                                                     
         -az/dp--step---se =az/dp==step===se -az/dp--step---se                                                                                        
         261/ 0 14.02 26.3 171/ 1 .0014 2.32 357/89 2660. 99.0                                                                                        
                                                                                                                                                      
 horizontal and vertical single variable standard deviations (68% - one degree of freedom; max 99 km)                                                 
       seh =   1.26             seh =  14.08             sez =  99.00   quality = d                                                                   
       az  =    -9.             az  =   -99.                                                                                                          
                                                                                                                                                      
 se of orig =  10.00; # of iterations =  21; dmax =     200.00; sequence number =                                                                     
 event type = " "; processing status = " "                                                                                                            
 closest station did not use both p and s                                                                                                             
                                                                                                                                                      
    date    origin      lat      long    depth    mag no d1 gap d  rms    avwt   se                                                                   
 20161020  0 3 42.01 41n50.93  13e24.94   5.31        11 85 350 1 0.6860  1.00  0.05                                                                  
                                                                                                                                                      
    seh  sez q sqd  adj in nr   avr  aar nm avxm mdxm sdxm nf avfm mdfm sdfm   vpvs                                                                   
   14.1 99.0 d d d 0.18 10 14 .0000 .589  0            0.0  0            0.0  0.000                                                                   
                                                                                                                                                      
                      -- travel times and delays --                                                                                                   
  stn c pha remk p p-sec s-sec resid  std-er   dist  azm ain    tc c vthk  ttob-ttcal-dlay-edly=resid rmk stn pha sources                             
 MZ18 z     EP 4    4.09        7.95   -----   84.7  350  91       1      22.08 14.13            7.95    MZ18                                         
 MZ18 z s   ES 3         9.09   0.79    0.60              91       1      27.08 26.29            0.79    MZ18 s                                       
 MZ09 z     EP 3   57.04        0.27    0.50   88.6  354  91       1      15.03 14.76            0.27    MZ09                                         
 MZ24 z     EP 4    6.10        9.07   -----   90.2  353  91       1      24.09 15.02            9.07    MZ24                                         
 MZ24 z s   ES 3        11.10   1.16    0.62              91       1      29.09 27.93            1.16    MZ24 s                                       
 T1218z     EP 3   59.17        1.44    0.56   94.5  345  91       1      17.16 15.72            1.44    T1218                                        
 MZ104z     EP 1   58.74        0.63    0.14   96.9  352  91       1      16.73 16.10            0.63    MZ104                                        
 ED23 z     EP 3   59.15        0.55    0.51   99.9  354  91       1      17.14 16.59            0.55    ED23                                         
 T1244z     EP 3   59.38        0.55    0.52  101.3  355  91       1      17.37 16.82            0.55    T1244                                        
 T1244z s   ES 3        72.68  -0.61    0.62              91       1      30.67 31.28           -0.61    T1244s                                       
 T1214z     EP 1   58.17       -0.86    0.14  102.6  350  91       1      16.16 17.02           -0.86    T1214                                        
 T1214z s   ES 1        73.64  -0.02    0.16              91       1      31.63 31.65           -0.02    T1214s                                       
 ED16 z     EP 4    9.53        9.28   -----  110.1  355  91       1      27.52 18.24            9.28    ED16                                         
 ED16 z s   ES 3        14.53  -1.40    0.72              91       1      32.52 33.92           -1.40    ED16 s                                       
                                                                                                                                                      
                       
                       
                       
 16/10/20    00:04            earthquake location                                                                                                     
         -az/dp--step---se =az/dp==step===se -az/dp--step---se                                                                                        
         321/ 4 -7.40 11.1  53/26 -26.3 18.3 224/64 6.681 7.95                                                                                        
                                                                                                                                                      
 horizontal and vertical single variable standard deviations (68% - one degree of freedom; max 99 km)                                                 
       seh =   5.92             seh =   9.01             sez =   5.71   quality = d                                                                   
       az  =   -36.             az  =  -126.                                                                                                          
                                                                                                                                                      
 se of orig =   0.58; # of iterations =  21; dmax =     200.00; sequence number =                                                                     
 event type = " "; processing status = " "                                                                                                            
 closest station did not use both p and s                                                                                                             
                                                                                                                                                      
    date    origin      lat      long    depth    mag no d1 gap d  rms    avwt   se                                                                   
 20161020  0 4 14.43 42n28.96  13e 5.96  89.10        14 18 277 1 0.7163  1.00  0.05                                                                  
                                                                                                                                                      
    seh  sez q sqd  adj in nr   avr  aar nm avxm mdxm sdxm nf avfm mdfm sdfm   vpvs                                                                   
    9.0  5.7 d d d 1.27 10 17 .0000 .624  0            0.0  0            0.0  0.000                                                                   
                                                                                                                                                      
                      -- travel times and delays --                                                                                                   
  stn c pha remk p p-sec s-sec resid  std-er   dist  azm ain    tc c vthk  ttob-ttcal-dlay-edly=resid rmk stn pha sources                             
 MZ16 z     EP 3   27.30        0.38    0.50   18.2   33 168       1      12.87 12.50            0.38    MZ16                                         
 SMA1 z     EP 3   26.23       -0.92    0.50   25.4   50 163       1      11.80 12.73           -0.92    SMA1                                         
 MZ14 z     EP 3   27.32        0.13    0.50   26.4   53 162       1      12.89 12.77            0.13    MZ14                                         
 MZ104z     EP 4   34.31        7.04   -----   28.5   26 161       1      19.88 12.85            7.04    MZ104                                        
 MZ104z s   ES 3        39.31   0.98    0.80             161       1      24.88 23.90            0.98    MZ104s                                       
 T1214z     EP 3   28.43        1.00    0.50   32.0   16 159       1      14.00 13.00            1.00    T1214                                        
 NRCA z     EP 3   29.01        1.23    0.50   39.0    2 154       1      14.58 13.35            1.23    NRCA                                         
 T1245z     EP 2   27.44       -0.52    0.25   42.1   10 153       1      13.01 13.53           -0.52    T1245                                        
 ED16 z     EP 4   35.87        7.87   -----   42.9   23 152       1      21.44 13.57            7.87    ED16                                         
 ED16 z s   ES 3        40.87   1.20    0.80             152       1      26.44 25.25            1.20    ED16 s                                       
 T1216z     EP 3   29.55        1.38    0.50   45.8  352 151       1      15.12 13.75            1.38    T1216                                        
 MC2  z     EP 4   35.68        7.35   -----   48.2    9 149       1      21.25 13.90            7.35    MC2                                          
 MC2  z s   ES 3        40.68   0.40    0.76             149       1      26.25 25.85            0.40    MC2  s                                       
 ED19 z     EP 3   28.21       -0.14    0.50   48.6    4 149       1      13.78 13.93           -0.14    ED19                                         
 MMO1 z     EP 2   27.80       -0.64    0.25   49.9   22 148       1      13.37 14.01           -0.64    MMO1                                         
 ED17 z     EP 3   29.36        0.48    0.50   56.3   18 145       1      14.93 14.46            0.48    ED17                                         
 ASSB z     EP 3   30.19        0.09    0.50   71.9  330 138       1      15.76 15.68            0.09    ASSB                                         
                                                                                                                                                      
                       
                       
                       
 16/10/20    00:04            earthquake location                                                                                                     
         -az/dp--step---se =az/dp==step===se -az/dp--step---se                                                                                        
         244/11 -.000 .225 145/39 .0004 .194 347/49 -.003 .302                                                                                        
                                                                                                                                                      
 horizontal and vertical single variable standard deviations (68% - one degree of freedom; max 99 km)                                                 
       seh =   0.12             seh =   0.13             sez =   0.14   quality = a                                                                   
       az  =   -90.             az  =    -0.                                                                                                          
                                                                                                                                                      
 se of orig =   0.02; # of iterations =   5; dmax =     200.00; sequence number =                                                                     
 event type = " "; processing status = " "                                                                                                            
 s minus p interval for closest station =       1.33                                                                                                  
                                                                                                                                                      
    date    origin      lat      long    depth    mag no d1 gap d  rms    avwt   se                                                                   
 20161020  0 4 17.47 42n53.04  13e14.60   3.59        61  5  48 1 0.1264  1.00  0.05                                                                  
                                                                                                                                                      
    seh  sez q sqd  adj in nr   avr  aar nm avxm mdxm sdxm nf avfm mdfm sdfm   vpvs                                                                   
    0.1  0.1 b a b 0.11 10 68 .0000 .100  0            0.0  0            0.0  0.000                                                                   
                                                                                                                                                      
                      -- travel times and delays --                                                                                                   
  stn c pha remk p p-sec s-sec resid  std-er   dist  azm ain    tc c vthk  ttob-ttcal-dlay-edly=resid rmk stn pha sources                             
 MC2  z     EP 0   18.88        0.11    0.05    5.4  305 124       1       1.41  1.30            0.11    MC2                                          
 MC2  z s   ES 1        20.21   0.33    0.19             124       1       2.74  2.41            0.33    MC2  s                                       
 T1245z     EP 0   18.74       -0.04    0.05    5.5  236 123       1       1.27  1.31           -0.04    T1245                                        
 T1245z s   ES 1        19.88  -0.02    0.16             123       1       2.41  2.43           -0.02    T1245s                                       
 MMO1 z     EP 0   19.02       -0.03    0.05    7.0   76 117       1       1.55  1.58           -0.03    MMO1                                         
 MMO1 z s   ES 1        20.32  -0.09    0.16             117       1       2.85  2.94           -0.09    MMO1 s                                       
 ED16 z     EP 1   19.03       -0.08    0.13    7.4  135 116       1       1.56  1.64           -0.08    ED16                                         
 ED16 z s   ES 1        20.43  -0.09    0.16             116       1       2.96  3.04           -0.09    ED16 s                                       
 ED19 z     EP 0   19.43       -0.05    0.05    9.4  295 111       1       1.96  2.01           -0.05    ED19                                         
 ED19 z s   ES 1        21.17  -0.04    0.16             111       1       3.70  3.74           -0.04    ED19 s                                       
 ED17 z     EP 1   19.59       -0.10    0.13   10.5   30  54       1       2.12  2.22           -0.10    ED17                                         
 ED17 z s   ES 1        21.39  -0.21    0.16              54       1       3.92  4.13           -0.21    ED17 s                                       
 ED18 z     EP 1   19.88       -0.04    0.13   11.9  360  54       1       2.41  2.45           -0.04    ED18                                         
 ED18 z s   ES 2        22.25   0.22    0.34              54       1       4.78  4.55            0.22    ED18 s                                       
 NRCA z     EP 1   19.80       -0.12    0.13   11.9  242  54       1       2.33  2.45           -0.12    NRCA                                         
 NRCA z s   ES 1        21.74  -0.29    0.17              54       1       4.27  4.55           -0.29    NRCA s                                       
 AM05 z     EP 3   19.84       -0.36    0.57   13.7   41  54       1       2.37  2.73           -0.36    AM05                                         
 AM05 z s   ES 1        22.63   0.08    0.16              54       1       5.16  5.08            0.08    AM05 s                                       
 T1214z     EP 0   20.18       -0.09    0.05   14.1  192  54       1       2.71  2.80           -0.09    T1214                                        
 T1214z s   ES 1        22.52  -0.16    0.16              54       1       5.05  5.21           -0.16    T1214s                                       
 T1244z     EP 0   20.55        0.17    0.05   14.8  162  54       1       3.08  2.91            0.17    T1244                                        
 T1244z s   ES 1        23.16   0.28    0.17              54       1       5.69  5.41            0.28    T1244s                                       
 ED22 z     EP 2   20.63        0.19    0.26   15.2   26  54       1       3.16  2.97            0.19    ED22                                         
 ED22 z s   ES 2        23.22   0.22    0.33              54       1       5.75  5.52            0.22    ED22 s                                       
 ED23 z     EP 1   20.68        0.10    0.13   16.0  167  54       1       3.21  3.11            0.10    ED23                                         
 ED23 z s   ES 1        23.81   0.55 j  0.55              54       1       6.34  5.79            0.55    ED23 s                                       
 ED21 z     EP 1   20.71        0.07    0.13   16.4    8  54       1       3.24  3.17            0.07    ED21                                         
 ED21 z s   ES 2        23.41   0.05    0.30              54       1       5.94  5.89            0.05    ED21 s                                       
 ED09 z     EP 1   20.62       -0.19    0.14   17.4  122  54       1       3.15  3.33           -0.19    ED09                                         
 ED09 z s   ES 2        23.55  -0.12    0.30              54       1       6.08  6.20           -0.12    ED09 s                                       
 T1216z     EP 1   20.90       -0.05    0.13   18.3  272  54       1       3.43  3.48           -0.05    T1216                                        
 T1216z s   ES 1        23.82  -0.13    0.16              54       1       6.35  6.47           -0.13    T1216s                                       
 MZ104z     EP 3   21.64        0.57 j  2.38   19.1  178  54       1       4.17  3.60            0.57    MZ104                                        
 MZ104z s   ES 3        25.36   1.20 j 67.56              54       1       7.89  6.69            1.20    MZ104s                                       
 MZ101z     EP 3   21.39        0.15    0.51   20.1  175  54       1       3.92  3.76            0.15    MZ101                                        
 MZ101z s   ES 1        24.87   0.40    0.20              54       1       7.40  7.00            0.40    MZ101s                                       
 MZ100z     EP 3   21.44        0.07    0.50   21.0  177  54       1       3.97  3.90            0.07    MZ100                                        
 MZ100z s   ES 1        25.15   0.42    0.23              54       1       7.68  7.26            0.42    MZ100s                                       
 GUMA z     EP 3   22.04        0.62 j  8.99   21.2   21  54       1       4.57  3.94            0.62    GUMA                                         
 ED20 z     EP 1   21.30       -0.20    0.14   21.7  134  54       1       3.83  4.03           -0.20    ED20                                         
 ED20 z s   ES 1        24.62  -0.34    0.19              54       1       7.15  7.49           -0.34    ED20 s                                       
 T1212z     EP 3   21.87        0.34    0.59   21.9  228  54       1       4.40  4.06            0.34    T1212                                        
 T1212z s   ES 1        24.89  -0.13    0.16              54       1       7.42  7.55           -0.13    T1212s                                       
 CSP1 z     EP 2   21.99        0.24    0.27   23.3  352  54       1       4.52  4.28            0.24    CSP1                                         
 CSP1 z s   ES 2        25.70   0.27    0.38              54       1       8.23  7.96            0.27    CSP1 s                                       
 ED12 z     EP 4   20.59       -1.18   -----   23.4  248  54       1       3.12  4.30           -1.18    ED12                                         
 ED12 z s   ES 3        25.59   0.12    0.61              54       1       8.12  7.99            0.12    ED12 s                                       
 T1218z     EP 1   22.17       -0.01    0.13   26.0  204  54       1       4.70  4.71           -0.01    T1218                                        
 T1218z s   ES 1        26.29   0.05    0.16              54       1       8.82  8.77            0.05    T1218s                                       
 MZ20 z     EP 3   22.56        0.28    0.54   26.5  182  54       1       5.09  4.80            0.28    MZ20                                         
 ED11 z     EP 3   21.96       -0.50 j  1.30   27.7  218  54       1       4.49  4.99           -0.50    ED11                                         
 ED11 z s   ES 3        27.23   0.48 j  1.37              54       1       9.76  9.28            0.48    ED11 s                                       
 MZ08 z     EP 4   22.32       -0.22   -----   28.2  173  54       1       4.85  5.06           -0.22    MZ08                                         
 MZ08 z s   ES 3        27.32   0.43    0.85              54       1       9.85  9.42            0.43    MZ08 s                                       
 MZ28 z     EP 4   22.46       -0.32   -----   29.7  170  54       1       4.99  5.30           -0.32    MZ28                                         
 MZ28 z s   ES 3        27.46   0.12    0.60              54       1       9.99  9.87            0.12    MZ28 s                                       
 MZ14 z     EP 4   22.34       -0.53   -----   30.2  162  54       1       4.87  5.39           -0.53    MZ14                                         
 MZ14 z s   ES 3        27.34  -0.17    0.61              54       1       9.87 10.03           -0.17    MZ14 s                                       
 CESI z     EP 4   23.08        0.13   -----   30.7  296  54       1       5.61  5.48            0.13    CESI                                         
 CESI z s   ES 3        28.08   0.42 j  1.55              54       1      10.61 10.19            0.42    CESI s                                       
 ED03 z     EP 3   23.13        0.05    0.50   31.5  188  54       1       5.66  5.60            0.05    ED03                                         
 ED03 z s   ES 3        28.03   0.13    0.60              54       1      10.56 10.42            0.13    ED03 s                                       
 T1215z     EP 3   23.21        0.06    0.50   32.0  254  54       1       5.74  5.68            0.06    T1215                                        
 T1215z s   ES 1        28.04   0.00    0.16              54       1      10.57 10.56            0.00    T1215s                                       
 ED01 z     EP 4   26.21        1.51   -----   41.6  197  54       1       8.74  7.23            1.51    ED01                                         
 ED01 z s   ES 3        31.21   0.29    0.64              54       1      13.74 13.45            0.29    ED01 s                                       
 ASSB z     EP 4   28.67        2.47   -----   50.9  290  54       1      11.20  8.72            2.47    ASSB                                         
 ASSB z s   ES 3        33.67  -0.03    0.60              54       1      16.20 16.23           -0.03    ASSB s                                       
                                                                                                                                                      
                       
                       
                       
 16/10/20    00:04            earthquake location                                                                                                     
         -az/dp--step---se =az/dp==step===se -az/dp--step---se                                                                                        
         237/ 1 -.379 4.29 327/ 1 3.543 8.05  79/88 1779. 99.0                                                                                        
                                                                                                                                                      
 horizontal and vertical single variable standard deviations (68% - one degree of freedom; max 99 km)                                                 
       seh =   2.33             seh =   4.31             sez =  99.00   quality = d                                                                   
       az  =  -124.             az  =   -34.                                                                                                          
                                                                                                                                                      
 se of orig =  10.00; # of iterations =  17; dmax =     200.00; sequence number =                                                                     
 event type = " "; processing status = " "                                                                                                            
 closest station did not use both p and s                                                                                                             
                                                                                                                                                      
    date    origin      lat      long    depth    mag no d1 gap d  rms    avwt   se                                                                   
 20161020  0 4 29.53 42n34.19  12e29.87   5.70        11 49 330 1 1.4528  1.00  0.05                                                                  
                                                                                                                                                      
    seh  sez q sqd  adj in nr   avr  aar nm avxm mdxm sdxm nf avfm mdfm sdfm   vpvs                                                                   
    4.3 99.0 d d d 0.37 10 17 -.000 1.17  0            0.0  0            0.0  0.000                                                                   
                                                                                                                                                      
                      -- travel times and delays --                                                                                                   
  stn c pha remk p p-sec s-sec resid  std-er   dist  azm ain    tc c vthk  ttob-ttcal-dlay-edly=resid rmk stn pha sources                             
 T1212z     EP 4   46.05        8.11   -----   49.2   66  92       1      16.52  8.41            8.11    T1212                                        
 T1212z s   ES 3        51.05   5.88    1.09              92       1      21.52 15.64            5.88    T1212s                                       
 T1245z     EP 4   46.28        5.81   -----   64.9   60  92       1      16.75 10.94            5.81    T1245                                        
 T1245z s   ES 3        51.28   1.40    0.60              92       1      21.75 20.35            1.40    T1245s                                       
 ED19 z     EP 4   47.27        6.73   -----   65.3   53  92       1      17.74 11.01            6.73    ED19                                         
 ED19 z s   ES 3        52.27   2.26    0.60              92       1      22.74 20.48            2.26    ED19 s                                       
 MZ22 z     EP 4   45.85        5.25   -----   65.7   82  92       1      16.32 11.07            5.25    MZ22                                         
 MZ22 z s   ES 3        50.85   0.72    0.60              92       1      21.32 20.60            0.72    MZ22 s                                       
 MZ03 z     EP 3   41.61        0.97    0.50   65.9   79  92       1      12.08 11.11            0.97    MZ03                                         
 MC2  z     EP 3   40.72       -0.28    0.50   68.1   56  92       1      11.19 11.47           -0.28    MC2                                          
 MC2  z s   ES 3        51.70   0.84    0.60              92       1      22.17 21.33            0.84    MC2  s                                       
 ED16 z     EP 3   40.72       -1.00    0.50   72.6   66  91       1      11.19 12.19           -1.00    ED16                                         
 ED18 z     EP 3   42.67        0.26    0.50   76.9   52  91       1      13.14 12.88            0.26    ED18                                         
 MMO1 z     EP 4   47.09        4.65   -----   77.1   61  91       1      17.56 12.92            4.65    MMO1                                         
 MMO1 z s   ES 2        52.09  -1.46    0.30              91       1      22.56 24.02           -1.46    MMO1 s                                       
 ED17 z     EP 4   48.05        5.20   -----   79.6   56  91       1      18.52 13.32            5.20    ED17                                         
 ED17 z s   ES 3        53.05  -1.25    0.61              91       1      23.52 24.77           -1.25    ED17 s                                       
                                                                                                                                                      
                       
                       
                       
 16/10/20    00:04            earthquake location                                                                                                     
         -az/dp--step---se =az/dp==step===se -az/dp--step---se                                                                                        
         281/ 1 -.352 9.09  12/ 5 -.044 4.06 178/85 26.56 19.5                                                                                        
                                                                                                                                                      
 horizontal and vertical single variable standard deviations (68% - one degree of freedom; max 99 km)                                                 
       seh =   2.32             seh =   4.86             sez =  10.37   quality = d                                                                   
       az  =    12.             az  =   -78.                                                                                                          
                                                                                                                                                      
 se of orig =   1.33; # of iterations =  21; dmax =     200.00; sequence number =                                                                     
 event type = " "; processing status = " "                                                                                                            
 closest station did not use both p and s                                                                                                             
                                                                                                                                                      
    date    origin      lat      long    depth    mag no d1 gap d  rms    avwt   se                                                                   
 20161020  0 4 38.90 42n58.97  13e29.84  23.87        10 16 288 1 0.1369  1.00  0.05                                                                  
                                                                                                                                                      
    seh  sez q sqd  adj in nr   avr  aar nm avxm mdxm sdxm nf avfm mdfm sdfm   vpvs                                                                   
    4.9 10.4 d d d 0.62 10 15 -.000 .038  0            0.0  0            0.0  0.000                                                                   
                                                                                                                                                      
                      -- travel times and delays --                                                                                                   
  stn c pha remk p p-sec s-sec resid  std-er   dist  azm ain    tc c vthk  ttob-ttcal-dlay-edly=resid rmk stn pha sources                             
 ED17 z     EP 2   43.61       -0.01    0.25   15.5  263 146       1       4.71  4.73           -0.01    ED17                                         
 MMO1 z     EP 0   43.75        0.01    0.05   16.7  236 143       1       4.85  4.84            0.01    MMO1                                         
 ED16 z     EP 4   47.17        2.84   -----   22.4  224 135       1       8.27  5.43            2.84    ED16                                         
 ED16 z s   ES 3        52.17   3.17 j 67.56             135       1      13.27 10.11            3.17    ED16 s                                       
 MC2  z     EP 3   44.04       -0.75    0.55   26.4  253 130       1       5.14  5.89           -0.75    MC2                                          
 ED19 z     EP 3   44.33       -0.91    0.64   30.1  257 126       1       5.43  6.34           -0.91    ED19                                         
 T1214z     EP 3   44.81       -0.98    0.83   34.2  224 123       1       5.91  6.90           -0.98    T1214                                        
 NRCA z     EP 4   47.94        1.99   -----   35.4  242 122       1       9.04  7.06            1.99    NRCA                                         
 NRCA z s   ES 3        52.94   0.92    0.85             122       1      14.04 13.12            0.92    NRCA s                                       
 MZ104z     EP 4   47.59        1.55   -----   36.0  214 121       1       8.69  7.14            1.55    MZ104                                        
 MZ104z s   ES 3        52.59   0.41    0.61             121       1      13.69 13.29            0.41    MZ104s                                       
 MZ62 z     EP 4   47.85        1.11   -----   41.1  200 118       1       8.95  7.84            1.11    MZ62                                         
 MZ62 z s   ES 3        52.85  -0.63    0.61             118       1      13.95 14.58           -0.63    MZ62 s                                       
 ED05 z     EP 4   49.37        0.40   -----   56.5  191 110       1      10.47 10.07            0.40    ED05                                         
 ED05 z s   ES 3        54.37  -3.26 j 67.56             110       1      15.47 18.73           -3.26    ED05 s                                       
                                                                                                                                                      
                       
                       
                       
 16/10/20    00:05            earthquake location                                                                                                     
         -az/dp--step---se =az/dp==step===se -az/dp--step---se                                                                                        
         275/ 0 -2.10 7.43 185/ 2 -.034 3.75  16/88 397.7 99.0                                                                                        
                                                                                                                                                      
 horizontal and vertical single variable standard deviations (68% - one degree of freedom; max 99 km)                                                 
       seh =   2.07             seh =   3.97             sez =  99.00   quality = d                                                                   
       az  =     4.             az  =   -86.                                                                                                          
                                                                                                                                                      
 se of orig =  10.00; # of iterations =  21; dmax =     200.00; sequence number =                                                                     
 event type = " "; processing status = " "                                                                                                            
 s minus p interval for closest station =       9.52                                                                                                  
                                                                                                                                                      
    date    origin      lat      long    depth    mag no d1 gap d  rms    avwt   se                                                                   
 20161020  0 5 15.77 42n 5.08  12e58.45  10.99        11 66 340 1 0.5925  1.00  0.05                                                                  
                                                                                                                                                      
    seh  sez q sqd  adj in nr   avr  aar nm avxm mdxm sdxm nf avfm mdfm sdfm   vpvs                                                                   
    4.0 99.0 d d d 0.36 10 16 -.000 .469  0            0.0  0            0.0  0.000                                                                   
                                                                                                                                                      
                      -- travel times and delays --                                                                                                   
  stn c pha remk p p-sec s-sec resid  std-er   dist  azm ain    tc c vthk  ttob-ttcal-dlay-edly=resid rmk stn pha sources                             
 ED24 z     EP 3   27.20        0.30    0.50   65.9   16  92       1      11.43 11.12            0.30    ED24                                         
 ED24 z s   ES 3        36.72   0.26    0.60              92       1      20.95 20.69            0.26    ED24 s                                       
 T1218z     EP 4   31.96        5.04   -----   66.0   10  92       1      16.19 11.14            5.04    T1218                                        
 T1218z s   ES 1        36.96   0.46    0.16              92       1      21.19 20.73            0.46    T1218s                                       
 MZ61 z     EP 3   27.11        0.01    0.51   67.2   25  92       1      11.34 11.32            0.01    MZ61                                         
 MZ21 z     EP 3   27.59        0.45    0.50   67.5   21  92       1      11.82 11.37            0.45    MZ21                                         
 MZ02 z     EP 4   32.89        5.36   -----   69.9   21  92       1      17.12 11.76            5.36    MZ02                                         
 MZ02 z s   ES 3        37.89   0.25    0.60              92       1      22.12 21.86            0.25    MZ02 s                                       
 MZ03 z     EP 4   32.92        5.27   -----   70.7   21  92       1      17.15 11.88            5.27    MZ03                                         
 MZ03 z s   ES 3        37.92   0.05    0.60              92       1      22.15 22.10            0.05    MZ03 s                                       
 MZ05 z     EP 4   32.65        4.91   -----   71.2   21  92       1      16.88 11.96            4.91    MZ05                                         
 MZ05 z s   ES 2        37.65  -0.38    0.30              92       1      21.88 22.25           -0.38    MZ05 s                                       
 T1212z     EP 3   27.47       -0.75    0.51   74.3    4  92       1      11.70 12.45           -0.75    T1212                                        
 T1212z s   ES 2        38.88  -0.05    0.30              92       1      23.11 23.16           -0.05    T1212s                                       
 T1245z     EP 4   36.48        6.16   -----   87.5   12  91       1      20.71 14.55            6.16    T1245                                        
 T1245z s   ES 2        41.48  -1.36    0.30              91       1      25.71 27.06           -1.36    T1245s                                       
                                                                                                                                                      
                       
                       
                       
 16/10/20    00:05            earthquake location                                                                                                     
         -az/dp--step---se =az/dp==step===se -az/dp--step---se                                                                                        
           4/ 3 .0138 .539  95/16 .0079 .404 263/73 -.092 .917                                                                                        
                                                                                                                                                      
 horizontal and vertical single variable standard deviations (68% - one degree of freedom; max 99 km)                                                 
       seh =   0.25             seh =   0.29             sez =   0.47   quality = a                                                                   
       az  =   -78.             az  =    12.                                                                                                          
                                                                                                                                                      
 se of orig =   0.06; # of iterations =   6; dmax =     200.00; sequence number =                                                                     
 event type = " "; processing status = " "                                                                                                            
 s minus p interval for closest station =       1.42                                                                                                  
                                                                                                                                                      
    date    origin      lat      long    depth    mag no d1 gap d  rms    avwt   se                                                                   
 20161020  0 5 20.59 42n48.38  13e 5.24   8.56        72  4  66 1 0.4110  1.00  0.05                                                                  
                                                                                                                                                      
    seh  sez q sqd  adj in nr   avr  aar nm avxm mdxm sdxm nf avfm mdfm sdfm   vpvs                                                                   
    0.3  0.5 b c a 0.09 10 74 -.000 .318  0            0.0  0            0.0  0.000                                                                   
                                                                                                                                                      
                      -- travel times and delays --                                                                                                   
  stn c pha remk p p-sec s-sec resid  std-er   dist  azm ain    tc c vthk  ttob-ttcal-dlay-edly=resid rmk stn pha sources                             
 NRCA z     EP 1   22.63        0.36    0.14    3.7   36 154       1       2.04  1.67            0.36    NRCA                                         
 NRCA z s   ES 2        24.05   0.34    0.31             154       1       3.46  3.11            0.34    NRCA s                                       
 ED10 z     EP 0   22.54        0.13    0.05    5.5  126 144       1       1.95  1.82            0.13    ED10                                         
 ED10 z s   ES 1        23.90  -0.08    0.16             144       1       3.31  3.39           -0.08    ED10 s                                       
 T1212z     EP 0   22.43       -0.14    0.05    7.0  210 136       1       1.84  1.98           -0.14    T1212                                        
 T1212z s   ES 1        23.68  -0.60    0.16             136       1       3.09  3.68           -0.60    T1212s                                       
 ED12 z     EP 3   23.08        0.27    0.50    9.0  270 129       1       2.49  2.21            0.27    ED12                                         
 T1245z     EP 2   23.71        0.79    0.28    9.9   56 126       1       3.12  2.33            0.79    T1245                                        
 T1245z s   ES 2        25.15   0.23    0.30             126       1       4.56  4.33            0.23    T1245s                                       
 T1216z     EP 1   23.51        0.45    0.14   10.9  329 122       1       2.92  2.46            0.45    T1216                                        
 T1216z s   ES 2        25.64   0.46    0.31             122       1       5.05  4.58            0.46    T1216s                                       
 T1214z     EP 1   23.43        0.33    0.14   11.2  118 122       1       2.84  2.51            0.33    T1214                                        
 T1214z s   ES 1        25.52   0.27    0.16             122       1       4.93  4.66            0.27    T1214s                                       
 ED11 z     EP 2   23.40       -0.06    0.25   13.8  199 116       1       2.81  2.87           -0.06    ED11                                         
 ED11 z s   ES 3        25.43  -0.50    0.61             116       1       4.84  5.34           -0.50    ED11 s                                       
 MC2  z     EP 3   24.35        0.81    0.57   14.3   35 115       1       3.76  2.95            0.81    MC2                                          
 T1218z     EP 2   23.64       -0.04    0.25   15.3  171 113       1       3.05  3.09           -0.04    T1218                                        
 T1218z s   ES 1        25.84  -0.50    0.16             113       1       5.25  5.74           -0.50    T1218s                                       
 T1217z     EP 3   23.39       -0.47    0.51   16.5  231 111       1       2.80  3.26           -0.47    T1217                                        
 T1217z s   ES 3        26.10  -0.56    0.62             111       1       5.51  6.07           -0.56    T1217s                                       
 MZ104z     EP 4   22.63       -1.33   -----   17.1  127 110       1       2.04  3.37           -1.33    MZ104                                        
 MZ104z s   ES 3        27.63   0.77    0.67             110       1       7.04  6.26            0.77    MZ104s                                       
 MZ098z     EP 3   23.31       -0.66    0.52   17.2  119 110       1       2.72  3.37           -0.66    MZ098                                        
 MZ098z s   ES 3        27.39   0.52    0.62             110       1       6.80  6.28            0.52    MZ098s                                       
 MZ103z     EP 1   25.11        1.07    0.18   17.6  134 109       1       4.52  3.44            1.07    MZ103                                        
 MZ103z s   ES 2        28.25   1.25    0.61             109       1       7.66  6.40            1.25    MZ103s                                       
 ED23 z     EP 0   23.95       -0.11    0.05   17.8  113 109       1       3.36  3.47           -0.11    ED23                                         
 ED23 z s   ES 1        25.85  -1.20    0.21             109       1       5.26  6.46           -1.20    ED23 s                                       
 T1215z     EP 3   24.20        0.12    0.50   17.9  268 109       1       3.61  3.49            0.12    T1215                                        
 T1215z s   ES 3        26.68  -0.40    0.60             109       1       6.09  6.49           -0.40    T1215s                                       
 T1244z     EP 0   23.71       -0.40    0.05   18.1  108 109       1       3.12  3.51           -0.40    T1244                                        
 MZ101z     EP 3   24.27        0.12    0.50   18.4  128 109       1       3.68  3.56            0.12    MZ101                                        
 MZ101z s   ES 2        27.64   0.43    0.30             109       1       7.05  6.62            0.43    MZ101s                                       
 MZ100z     EP 1   25.10        0.94    0.16   18.5  132 108       1       4.51  3.57            0.94    MZ100                                        
 MZ100z s   ES 2        28.09   0.86    0.34             108       1       7.50  6.64            0.86    MZ100s                                       
 MZ05 z     EP 1   25.30        0.71    0.14   21.3  130 106       1       4.71  4.00            0.71    MZ05                                         
 MZ05 z s   ES 2        28.22   0.18    0.30             106       1       7.63  7.44            0.18    MZ05 s                                       
 MZ03 z     EP 3   25.40        0.71    0.53   21.8  131 105       1       4.81  4.09            0.71    MZ03                                         
 MZ03 z s   ES 3        28.95   0.74    0.65             105       1       8.36  7.61            0.74    MZ03 s                                       
 MMO1 z     EP 3   24.47       -0.26    0.50   22.1   62 105       1       3.88  4.14           -0.26    MMO1                                         
 MZ02 z     EP 3   25.62        0.88    0.57   22.2  133 105       1       5.03  4.15            0.88    MZ02                                         
 MZ02 z s   ES 3        28.79   0.47    0.61             105       1       8.20  7.72            0.47    MZ02 s                                       
 MZ06 z     EP 3   25.67        0.86    0.57   22.6  134 105       1       5.08  4.22            0.86    MZ06                                         
 MZ06 z s   ES 3        29.07   0.63    0.63             105       1       8.48  7.85            0.63    MZ06 s                                       
 MZ21 z     EP 4   24.66       -0.15   -----   22.6  139 104       1       4.07  4.22           -0.15    MZ21                                         
 MZ21 z s   ES 3        29.66   1.22    1.09             104       1       9.07  7.85            1.22    MZ21 s                                       
 MZ24 z     EP 3   25.79        0.84    0.56   23.5  135 104       1       5.20  4.35            0.84    MZ24                                         
 MZ11 z     EP 3   25.47        0.44    0.51   24.1  131 103       1       4.88  4.44            0.44    MZ11                                         
 MZ11 z s   ES 3        28.75  -0.10    0.60             103       1       8.16  8.26           -0.10    MZ11 s                                       
 T1299z     EP 3   26.16        0.99    0.61   24.9  140 103       1       5.57  4.57            0.99    T1299                                        
 T1299z s   ES 3        30.03   0.93    0.70             103       1       9.44  8.50            0.93    T1299s                                       
 ED17 z     EP 2   25.31        0.08    0.25   25.3   45 103       1       4.72  4.63            0.08    ED17                                         
 ED17 z s   ES 2        28.37  -0.84    0.31             103       1       7.78  8.62           -0.84    ED17 s                                       
 MZ10 z     EP 1   26.38        0.95    0.16   26.6  139 102       1       5.79  4.84            0.95    MZ10                                         
 MZ10 z s   ES 1        30.22   0.63    0.17             102       1       9.63  9.00            0.63    MZ10 s                                       
 MZ28 z     EP 3   26.45        0.90    0.57   27.4  139 102       1       5.86  4.96            0.90    MZ28                                         
 ED09 z     EP 3   24.67       -0.91    0.55   27.5   91 102       1       4.08  4.98           -0.91    ED09                                         
 MZ63 z     EP 3   26.24        0.66    0.52   27.5  135 102       1       5.65  4.98            0.66    MZ63                                         
 MZ63 z s   ES 2        29.88   0.01    0.30             102       1       9.29  9.27            0.01    MZ63 s                                       
 MZ25 z     EP 1   26.24        0.62    0.14   27.8  137 101       1       5.65  5.03            0.62    MZ25                                         
 MZ25 z s   ES 3        29.74  -0.21    0.60             101       1       9.15  9.36           -0.21    MZ25 s                                       
 SMA1 z     EP 3   26.20        0.52    0.51   28.2  134 101       1       5.61  5.09            0.52    SMA1                                         
 SMA1 z s   ES 3        29.93  -0.12    0.60             101       1       9.34  9.46           -0.12    SMA1 s                                       
 MZ64 z     EP 3   26.28        0.46    0.51   29.1  135 101       1       5.69  5.22            0.46    MZ64                                         
 MZ64 z s   ES 2        30.28  -0.03    0.30             101       1       9.69  9.72           -0.03    MZ64 s                                       
 ED20 z     EP 1   25.19       -0.65    0.14   29.2  103 101       1       4.60  5.24           -0.65    ED20                                         
 MZ14 z     EP 3   26.33        0.38    0.51   29.9  132 100       1       5.74  5.35            0.38    MZ14                                         
 MZ14 z s   ES 2        30.17  -0.38    0.30             100       1       9.58  9.96           -0.38    MZ14 s                                       
 T1243z     EP 2   25.87       -0.41    0.25   32.0  112 100       1       5.28  5.68           -0.41    T1243                                        
 T1243z s   ES 3        29.67  -1.50 j  1.55             100       1       9.08 10.57           -1.50    T1243s                                       
 T1246z     EP 2   27.92        0.12    0.25   41.5  127  97       1       7.33  7.21            0.12    T1246                                        
 T1246z s   ES 3        33.08  -0.92    0.67              97       1      12.49 13.40           -0.92    T1246s                                       
 TERO z     EP 3   28.41       -0.27    0.50   47.0  116  96       1       7.82  8.09           -0.27    TERO                                         
 TERO z s   ES 3        34.06  -1.58 j  2.07              96       1      13.47 15.05           -1.58    TERO s                                       
                                                                                                                                                      
                       
                       
                       
 16/10/20    00:05            earthquake location                                                                                                     
         -az/dp--step---se =az/dp==step===se -az/dp--step---se                                                                                        
         262/ 1 -1.11 6.63 352/ 4 .2462 2.28 160/86 65.62 24.1                                                                                        
                                                                                                                                                      
 horizontal and vertical single variable standard deviations (68% - one degree of freedom; max 99 km)                                                 
       seh =   1.51             seh =   3.55             sez =  12.85   quality = d                                                                   
       az  =    -7.             az  =   -97.                                                                                                          
                                                                                                                                                      
 se of orig =   0.23; # of iterations =  22; dmax =     200.00; sequence number =                                                                     
 event type = " "; processing status = " "                                                                                                            
 closest station did not use both p and s                                                                                                             
                                                                                                                                                      
    date    origin      lat      long    depth    mag no d1 gap d  rms    avwt   se                                                                   
 20161020  0 5 24.43 43n12.51  12e57.54  32.73        27 36 339 1 0.4522  1.00  0.05                                                                  
                                                                                                                                                      
    seh  sez q sqd  adj in nr   avr  aar nm avxm mdxm sdxm nf avfm mdfm sdfm   vpvs                                                                   
    3.5 12.8 d d d 0.96 10 31 -.000 .261  0            0.0  0            0.0  0.000                                                                   
                                                                                                                                                      
                      -- travel times and delays --                                                                                                   
  stn c pha remk p p-sec s-sec resid  std-er   dist  azm ain    tc c vthk  ttob-ttcal-dlay-edly=resid rmk stn pha sources                             
 T1216z     EP 2   36.25        4.19 j 13.65   35.6  172 116       1      11.82  7.63            4.19    T1216                                        
 NRCA z     EP 3   35.69        2.71    1.02   43.5  163 107       1      11.26  8.55            2.71    NRCA                                         
 T1212z     EP 3   35.68        1.76    0.57   51.3  172 101       1      11.25  9.49            1.76    T1212                                        
 T1212z s   ES 3        47.15   5.07 j 67.56             101       1      22.72 17.65            5.07    T1212s                                       
 T1214z     EP 0   34.21       -0.03    0.05   53.9  158  99       1       9.78  9.81           -0.03    T1214                                        
 T1244z     EP 1   35.34        0.68    0.13   57.3  151  98       1      10.91 10.23            0.68    T1244                                        
 ED23 z     EP 1   35.14        0.36    0.13   58.2  153  98       1      10.71 10.35            0.36    ED23                                         
 ED23 z s   ES 3        45.42   1.74    0.63              98       1      20.99 19.24            1.74    ED23 s                                       
 MZ104z     EP 3   33.87       -1.14    0.51   60.1  156  97       1       9.44 10.58           -1.14    MZ104                                        
 T1218z     EP 1   34.95       -0.19    0.13   61.2  168  97       1      10.52 10.71           -0.19    T1218                                        
 T1218z s   ES 1        45.09   0.74    0.16              97       1      20.66 19.92            0.74    T1218s                                       
 MZ101z     EP 2   34.84       -0.32    0.25   61.3  156  97       1      10.41 10.73           -0.32    MZ101                                        
 MZ103z     EP 3   34.53       -0.65    0.50   61.4  158  97       1      10.10 10.74           -0.65    MZ103                                        
 MZ100z     EP 1   34.83       -0.40    0.13   61.9  157  97       1      10.40 10.80           -0.40    MZ100                                        
 MZ100z s   ES 3        44.16  -0.36    0.60              97       1      19.73 20.09           -0.36    MZ100s                                       
 MZ05 z     EP 2   35.52        0.00    0.25   64.2  155  96       1      11.09 11.09            0.00    MZ05                                         
 MZ05 z s   ES 3        44.48  -0.57    0.60              96       1      20.05 20.62           -0.57    MZ05 s                                       
 ED24 z     EP 2   34.96       -0.57    0.25   64.3  163  96       1      10.53 11.10           -0.57    ED24                                         
 ED24 z s   ES 3        44.04  -1.04    0.60              96       1      19.61 20.65           -1.04    ED24 s                                       
 MZ03 z     EP 3   35.64        0.04    0.50   64.9  155  96       1      11.21 11.17            0.04    MZ03                                         
 MZ02 z     EP 3   35.36       -0.32    0.50   65.5  156  96       1      10.93 11.25           -0.32    MZ02                                         
 MZ02 z s   ES 3        44.25  -1.10    0.62              96       1      19.82 20.92           -1.10    MZ02 s                                       
 MZ06 z     EP 4   39.17        3.42   -----   66.1  156  96       1      14.74 11.32            3.42    MZ06                                         
 MZ06 z s   ES 3        44.17  -1.31    0.63              96       1      19.74 21.05           -1.31    MZ06 s                                       
 MZ20 z     EP 3   35.56       -0.24    0.50   66.5  160  96       1      11.13 11.37           -0.24    MZ20                                         
 MZ24 z     EP 4   39.09        3.21   -----   67.1  156  95       1      14.66 11.45            3.21    MZ24                                         
 MZ24 z s   ES 3        44.09  -1.63    0.67              95       1      19.66 21.29           -1.63    MZ24 s                                       
 T1299z     EP 4   38.71        2.59   -----   69.0  157  95       1      14.28 11.69            2.59    T1299                                        
 T1299z s   ES 2        43.71  -2.46    0.50              95       1      19.28 21.74           -2.46    T1299s                                       
 ED03 z     EP 4   39.26        3.04   -----   69.9  164  95       1      14.83 11.79            3.04    ED03                                         
 ED03 z s   ES 3        44.26  -2.10    0.70              95       1      19.83 21.93           -2.10    ED03 s                                       
                                                                                                                                                      
                       
                       
                       
 16/10/20    00:06            earthquake location                                                                                                     
         -az/dp--step---se =az/dp==step===se -az/dp--step---se                                                                                        
         192/ 9 .0029 1.76  98/27 -.013 2.39 299/61 -.087 5.79                                                                                        
                                                                                                                                                      
 horizontal and vertical single variable standard deviations (68% - one degree of freedom; max 99 km)                                                 
       seh =   0.97             seh =   1.86             sez =   2.77   quality = c                                                                   
       az  =    25.             az  =   -65.                                                                                                          
                                                                                                                                                      
 se of orig =   0.28; # of iterations =   7; dmax =     200.00; sequence number =                                                                     
 event type = " "; processing status = " "                                                                                                            
 closest station did not use both p and s                                                                                                             
                                                                                                                                                      
    date    origin      lat      long    depth    mag no d1 gap d  rms    avwt   se                                                                   
 20161020  0 6 18.71 42n59.81  13e19.30   1.47        11  6 175 1 0.9537  1.00  0.05                                                                  
                                                                                                                                                      
    seh  sez q sqd  adj in nr   avr  aar nm avxm mdxm sdxm nf avfm mdfm sdfm   vpvs                                                                   
    1.9  2.8 d d c 0.06 10 14 -.000 .776  0            0.0  0            0.0  0.000                                                                   
                                                                                                                                                      
                      -- travel times and delays --                                                                                                   
  stn c pha remk p p-sec s-sec resid  std-er   dist  azm ain    tc c vthk  ttob-ttcal-dlay-edly=resid rmk stn pha sources                             
 ED18 z     EP 4   14.83       -5.20   -----    6.4  265 103       1      -3.88  1.32           -5.20    ED18                                         
 ED18 z s   ES 3        19.83  -1.33    0.60             103       1       1.12  2.45           -1.33    ED18 s                                       
 GUMA z     EP 4   15.82       -4.40   -----    7.4    9 101       1      -2.89  1.51           -4.40    GUMA                                         
 GUMA z s   ES 3        20.82  -0.69    0.60             101       1       2.11  2.80           -0.69    GUMA s                                       
 MC2  z     EP 3   23.14        1.54    0.52   14.4  229  96       1       4.43  2.89            1.54    MC2                                          
 MC2  z s   ES 3        24.56   0.47    0.60              96       1       5.85  5.38            0.47    MC2  s                                       
 ED19 z     EP 3   23.52        1.36    0.52   17.2  240  95       1       4.81  3.45            1.36    ED19                                         
 ED19 z s   ES 3        25.15   0.02    0.60              95       1       6.44  6.42            0.02    ED19 s                                       
 ED16 z     EP 4   19.82       -2.46   -----   17.8  184  95       1       1.11  3.57           -2.46    ED16                                         
 ED16 z s   ES 3        24.82  -0.53    0.60              95       1       6.11  6.64           -0.53    ED16 s                                       
 T1245z     EP 3   22.88        0.35    0.50   19.0  215  94       1       4.17  3.82            0.35    T1245                                        
 T1245z s   ES 3        24.20  -1.61    0.60              94       1       5.49  7.10           -1.61    T1245s                                       
 T1244z     EP 3   23.60       -0.19    0.50   26.7  184  54       1       4.89  5.08           -0.19    T1244                                        
 T1244z s   ES 3        27.75  -0.41    0.60              54       1       9.04  9.45           -0.41    T1244s                                       
                                                                                                                                                      
                       
                       
                       
 16/10/20    00:06            earthquake location                                                                                                     
         -az/dp--step---se =az/dp==step===se -az/dp--step---se                                                                                        
          29/19 -.004 .436 132/34 .0003 .198 275/50 .0001 .250                                                                                        
                                                                                                                                                      
 horizontal and vertical single variable standard deviations (68% - one degree of freedom; max 99 km)                                                 
       seh =   0.12             seh =   0.22             sez =   0.14   quality = a                                                                   
       az  =   -60.             az  =    30.                                                                                                          
                                                                                                                                                      
 se of orig =   0.02; # of iterations =   4; dmax =     200.00; sequence number =                                                                     
 event type = " "; processing status = " "                                                                                                            
 s minus p interval for closest station =       0.90                                                                                                  
                                                                                                                                                      
    date    origin      lat      long    depth    mag no d1 gap d  rms    avwt   se                                                                   
 20161020  0 6 33.25 42n45.40  13e10.05   4.00        58  3  52 1 0.0934  1.00  0.05                                                                  
                                                                                                                                                      
    seh  sez q sqd  adj in nr   avr  aar nm avxm mdxm sdxm nf avfm mdfm sdfm   vpvs                                                                   
    0.2  0.1 a a a 0.10 10 68 .0000 .076  0            0.0  0            0.0  0.000                                                                   
                                                                                                                                                      
                      -- travel times and delays --                                                                                                   
  stn c pha remk p p-sec s-sec resid  std-er   dist  azm ain    tc c vthk  ttob-ttcal-dlay-edly=resid rmk stn pha sources                             
 ED10 z     EP 0   34.27        0.01    0.05    3.1  316 142       1       1.02  1.01            0.01    ED10                                         
 ED10 z s   ES 1        35.17   0.04    0.16             142       1       1.92  1.89            0.04    ED10 s                                       
 T1214z     EP 0   34.29       -0.01    0.05    3.4   85 140       1       1.04  1.05           -0.01    T1214                                        
 T1214z s   ES 1        35.27   0.07    0.16             140       1       2.02  1.95            0.07    T1214s                                       
 MZ104z     EP 0   35.02       -0.08    0.05    8.6  125  54       1       1.77  1.85           -0.08    MZ104                                        
 MZ104z s   ES 2        36.69  -0.01    0.30              54       1       3.44  3.45           -0.01    MZ104s                                       
 NRCA z     EP 0   35.19       -0.08    0.05    9.6  333  54       1       1.94  2.02           -0.08    NRCA                                         
 NRCA z s   ES 1        36.87  -0.13    0.16              54       1       3.62  3.75           -0.13    NRCA s                                       
 MZ101z     EP 1   35.23       -0.07    0.13    9.8  127  54       1       1.98  2.05           -0.07    MZ101                                        
 MZ101z s   ES 1        37.14   0.07    0.16              54       1       3.89  3.82            0.07    MZ101s                                       
 MZ100z     EP 0   35.21       -0.11    0.05    9.9  133  54       1       1.96  2.07           -0.11    MZ100                                        
 MZ100z s   ES 1        37.14   0.04    0.16              54       1       3.89  3.85            0.04    MZ100s                                       
 ED23 z     EP 1   35.46        0.14    0.14    9.9   99  54       1       2.21  2.07            0.14    ED23                                         
 ED23 z s   ES 1        37.46   0.36    0.29              54       1       4.21  3.85            0.36    ED23 s                                       
 T1212z     EP 0   35.45        0.10    0.05   10.1  267  54       1       2.20  2.10            0.10    T1212                                        
 T1212z s   ES 1        37.22   0.07    0.16              54       1       3.97  3.90            0.07    T1212s                                       
 T1218z     EP 3   35.41       -0.01    0.50   10.5  204  54       1       2.16  2.17           -0.01    T1218                                        
 T1218z s   ES 2        37.18  -0.11    0.30              54       1       3.93  4.04           -0.11    T1218s                                       
 T1244z     EP 0   35.51        0.07    0.05   10.7   90  54       1       2.26  2.19            0.07    T1244                                        
 T1244z s   ES 1        37.58   0.25    0.18              54       1       4.33  4.08            0.25    T1244s                                       
 T1245z     EP 3   36.00        0.47 j  4.91   11.2    9  54       1       2.75  2.28            0.47    T1245                                        
 T1245z s   ES 3        37.92   0.43 j  3.38              54       1       4.67  4.24            0.43    T1245s                                       
 ED24 z     EP 1   35.33       -0.23    0.15   11.4  170  54       1       2.08  2.31           -0.23    ED24                                         
 ED24 z s   ES 2        37.46  -0.09    0.30              54       1       4.21  4.30           -0.09    ED24 s                                       
 MZ05 z     EP 1   35.92        0.15    0.14   12.7  130  54       1       2.67  2.52            0.15    MZ05                                         
 MZ05 z s   ES 2        38.54   0.61 j 26.37              54       1       5.29  4.68            0.61    MZ05 s                                       
 MZ19 z     EP 1   35.83       -0.03    0.13   13.2  166  54       1       2.58  2.61           -0.03    MZ19                                         
 MZ19 z s   ES 3        38.28   0.18    0.63              54       1       5.03  4.85            0.18    MZ19 s                                       
 MZ03 z     EP 1   36.04        0.18    0.14   13.3  132  54       1       2.79  2.62            0.18    MZ03                                         
 MZ03 z s   ES 2        38.72   0.61 j 26.37              54       1       5.47  4.87            0.61    MZ03 s                                       
 MZ20 z     EP 3   35.89       -0.01    0.50   13.5  157  54       1       2.64  2.65           -0.01    MZ20                                         
 MZ20 z s   ES 3        38.41   0.23    0.67              54       1       5.16  4.93            0.23    MZ20 s                                       
 MZ02 z     EP 2   36.08        0.15    0.26   13.7  135  54       1       2.83  2.68            0.15    MZ02                                         
 MZ02 z s   ES 3        38.11  -0.12    0.61              54       1       4.86  4.98           -0.12    MZ02 s                                       
 MZ21 z     EP 3   36.20        0.18    0.52   14.3  145  54       1       2.95  2.77            0.18    MZ21                                         
 ED16 z     EP 3   36.56        0.50 j  7.31   14.5   52  54       1       3.31  2.81            0.50    ED16                                         
 ED16 z s   ES 3        38.64   0.16    0.61              54       1       5.39  5.23            0.16    ED16 s                                       
 MZ24 z     EP 3   36.29        0.15    0.51   15.0  139  54       1       3.04  2.90            0.15    MZ24                                         
 ED12 z     EP 4   34.27       -2.12   -----   16.5  290  54       1       1.02  3.14           -2.12    ED12                                         
 ED12 z s   ES 3        39.27   0.19    0.67              54       1       6.02  5.84            0.19    ED12 s                                       
 T1299z     EP 1   36.43        0.04    0.13   16.5  145  54       1       3.18  3.14            0.04    T1299                                        
 T1299z s   ES 1        39.30   0.21    0.17              54       1       6.05  5.84            0.21    T1299s                                       
 ED03 z     EP 1   36.35       -0.14    0.14   17.2  174  54       1       3.10  3.24           -0.14    ED03                                         
 ED03 z s   ES 2        39.29   0.01    0.30              54       1       6.04  6.03            0.01    ED03 s                                       
 MC2  z     EP 3   35.76       -0.75 j 56.52   17.3    6  54       1       2.51  3.26           -0.75    MC2                                          
 MC2  z s   ES 3        39.84   0.53 j 16.50              54       1       6.59  6.07            0.53    MC2  s                                       
 MZ10 z     EP 1   36.76        0.10    0.14   18.2  143  54       1       3.51  3.41            0.10    MZ10                                         
 MZ10 z s   ES 3        40.07   0.48 j  5.87              54       1       6.82  6.34            0.48    MZ10 s                                       
 ED19 z     EP 4   34.84       -1.82   -----   18.2  353  54       1       1.59  3.42           -1.82    ED19                                         
 ED19 z s   ES 3        39.84   0.24    0.70              54       1       6.59  6.36            0.24    ED19 s                                       
 MZ28 z     EP 4   34.98       -1.80   -----   18.9  143  54       1       1.73  3.53           -1.80    MZ28                                         
 MZ28 z s   ES 3        39.98   0.17    0.62              54       1       6.73  6.56            0.17    MZ28 s                                       
 MZ26 z     EP 4   34.66       -2.15   -----   19.2  140  54       1       1.41  3.57           -2.15    MZ26                                         
 MZ26 z s   ES 3        39.66  -0.22    0.67              54       1       6.41  6.63           -0.22    MZ26 s                                       
 T1216z     EP 3   36.64       -0.18    0.52   19.2  321  54       1       3.39  3.57           -0.18    T1216                                        
 T1216z s   ES 3        39.84  -0.05    0.60              54       1       6.59  6.64           -0.05    T1216s                                       
 T1217z     EP 4   34.38       -2.56   -----   20.0  256  54       1       1.13  3.69           -2.56    T1217                                        
 T1217z s   ES 3        39.38  -0.74 j 67.56              54       1       6.13  6.87           -0.74    T1217s                                       
 MMO1 z     EP 4   35.25       -1.78   -----   20.5   39  54       1       2.00  3.78           -1.78    MMO1                                         
 MMO1 z s   ES 3        40.25  -0.03    0.60              54       1       7.00  7.03           -0.03    MMO1 s                                       
 ED20 z     EP 4   35.23       -2.03   -----   21.9   92  54       1       1.98  4.01           -2.03    ED20                                         
 ED20 z s   ES 3        40.23  -0.48 j  8.74              54       1       6.98  7.46           -0.48    ED20 s                                       
 T1215z     EP 4   36.62       -1.13   -----   25.0  282  54       1       3.37  4.50           -1.13    T1215                                        
 T1215z s   ES 3        41.62  -0.00    0.60              54       1       8.37  8.37           -0.00    T1215s                                       
 ED17 z     EP 4   36.92       -0.98   -----   25.9   26  54       1       3.67  4.66           -0.98    ED17                                         
 ED17 z s   ES 3        41.92   0.01    0.60              54       1       8.67  8.66            0.01    ED17 s                                       
 CSP1 z     EP 4   39.88        0.13   -----   37.4    5  54       1       6.63  6.50            0.13    CSP1                                         
 CSP1 z s   ES 3        44.88  -0.45 j  3.38              54       1      11.63 12.09           -0.45    CSP1 s                                       
                                                                                                                                                      
                       
                       
                       
 16/10/20    00:07            earthquake location                                                                                                     
         -az/dp--step---se =az/dp==step===se -az/dp--step---se                                                                                        
         124/15 -.016 1.18  30/16 .0073 1.45 257/68 1.333 6.77                                                                                        
                                                                                                                                                      
 horizontal and vertical single variable standard deviations (68% - one degree of freedom; max 99 km)                                                 
       seh =   0.70             seh =   1.53             sez =   3.36   quality = c                                                                   
       az  =   -16.             az  =  -106.                                                                                                          
                                                                                                                                                      
 se of orig =   0.37; # of iterations =  12; dmax =     200.00; sequence number =                                                                     
 event type = " "; processing status = " "                                                                                                            
 closest station did not use both p and s                                                                                                             
                                                                                                                                                      
    date    origin      lat      long    depth    mag no d1 gap d  rms    avwt   se                                                                   
 20161020  0 7 15.35 42n42.65  13e 8.86  10.40        26  5  62 1 0.2288  1.00  0.05                                                                  
                                                                                                                                                      
    seh  sez q sqd  adj in nr   avr  aar nm avxm mdxm sdxm nf avfm mdfm sdfm   vpvs                                                                   
    1.5  3.4 b c a 0.21 10 29 -.000 .147  0            0.0  0            0.0  0.000                                                                   
                                                                                                                                                      
                      -- travel times and delays --                                                                                                   
  stn c pha remk p p-sec s-sec resid  std-er   dist  azm ain    tc c vthk  ttob-ttcal-dlay-edly=resid rmk stn pha sources                             
 T1218z     EP 1   17.26       -0.14    0.13    5.3  210 150       1       1.91  2.05           -0.14    T1218                                        
 ED10 z     EP 2   17.31       -0.28    0.25    7.4  356 141       1       1.96  2.24           -0.28    ED10                                         
 MZ103z     EP 3   18.28        0.64    0.52    7.9  102 139       1       2.93  2.30            0.64    MZ103                                        
 MZ100z     EP 3   18.52        0.76    0.52    9.0  101 135       1       3.17  2.41            0.76    MZ100                                        
 MZ101z     EP 3   18.46        0.64    0.52    9.5   95 133       1       3.11  2.47            0.64    MZ101                                        
 MZ24 z     EP 3   19.11        0.84    0.53   13.1  118 123       1       3.76  2.92            0.84    MZ24                                         
 T1244z     EP 2   18.30        0.00    0.25   13.3   67 122       1       2.95  2.95            0.00    T1244                                        
 NRCA z     EP 2   18.59        0.21    0.25   13.9  349 121       1       3.24  3.03            0.21    NRCA                                         
 T1299z     EP 3   18.63        0.25    0.50   13.9  128 121       1       3.28  3.03            0.25    T1299                                        
 MZ17 z     EP 3   18.51        0.10    0.50   14.1  151 120       1       3.16  3.06            0.10    MZ17                                         
 LNSS z     EP 4   18.83        0.32   -----   14.9  216 119       1       3.48  3.16            0.32    LNSS                                         
 LNSS z s   ES 3        23.83   2.60 j 13.28             119       1       8.48  5.88            2.60    LNSS s                                       
 MZ60 z     EP 1   18.91        0.29    0.13   15.7  122 117       1       3.56  3.27            0.29    MZ60                                         
 MZ61 z     EP 3   18.52       -0.16    0.50   16.1  122 116       1       3.17  3.33           -0.16    MZ61                                         
 MZ27 z     EP 1   18.63       -0.09    0.13   16.4  132 116       1       3.28  3.37           -0.09    MZ27                                         
 MZ28 z     EP 3   18.68       -0.05    0.50   16.5  127 116       1       3.33  3.38           -0.05    MZ28                                         
 T1245z     EP 4   22.78        4.04   -----   16.5   12 116       1       7.43  3.39            4.04    T1245                                        
 T1245z s   ES 3        27.78   6.13 j 67.56             116       1      12.43  6.30            6.13    T1245s                                       
 MZ26 z     EP 1   18.74       -0.05    0.13   16.9  125 115       1       3.39  3.44           -0.05    MZ26                                         
 MZ25 z     EP 1   18.73       -0.09    0.13   17.1  125 115       1       3.38  3.47           -0.09    MZ25                                         
 T1217z     EP 4   18.87       -0.05   -----   17.7  270 114       1       3.52  3.57           -0.05    T1217                                        
 T1217z s   ES 3        23.87   1.88    0.80             114       1       8.52  6.64            1.88    T1217s                                       
 SMA1 z     EP 1   18.95        0.02    0.13   17.8  120 113       1       3.60  3.58            0.02    SMA1                                         
 MZ64 z     EP 3   19.00       -0.04    0.50   18.5  122 112       1       3.65  3.69           -0.04    MZ64                                         
 MZ14 z     EP 3   18.71       -0.49    0.50   19.6  119 111       1       3.36  3.85           -0.49    MZ14                                         
 ED25 z     EP 3   18.79       -0.59    0.51   20.9  127 109       1       3.44  4.03           -0.59    ED25                                         
 T1216z     EP 3   17.98       -1.66 j  3.38   22.6  332 107       1       2.63  4.29           -1.66    T1216                                        
 ED20 z     EP 1   19.75       -0.09    0.13   23.9   80 106       1       4.40  4.49           -0.09    ED20                                         
 ED17 z     EP 3   20.78       -0.19    0.51   31.2   25 100       1       5.43  5.62           -0.19    ED17                                         
                                                                                                                                                      
                       
                       
                       
 16/10/20    00:07            earthquake location                                                                                                     
         -az/dp--step---se =az/dp==step===se -az/dp--step---se                                                                                        
         138/ 2 .0054 .312 229/26 -.009 .483  44/63 .1128 1.08                                                                                        
                                                                                                                                                      
 horizontal and vertical single variable standard deviations (68% - one degree of freedom; max 99 km)                                                 
       seh =   0.17             seh =   0.35             sez =   0.53   quality = a                                                                   
       az  =   -44.             az  =  -134.                                                                                                          
                                                                                                                                                      
 se of orig =   0.07; # of iterations =   6; dmax =     200.00; sequence number =                                                                     
 event type = " "; processing status = " "                                                                                                            
 closest station did not use both p and s                                                                                                             
                                                                                                                                                      
    date    origin      lat      long    depth    mag no d1 gap d  rms    avwt   se                                                                   
 20161020  0 7 15.61 42n42.61  13e13.60   7.20        41  1  39 1 0.5147  1.00  0.05                                                                  
                                                                                                                                                      
    seh  sez q sqd  adj in nr   avr  aar nm avxm mdxm sdxm nf avfm mdfm sdfm   vpvs                                                                   
    0.3  0.5 c d a 0.10 10 72 -.000 .345  0            0.0  0            0.0  0.000                                                                   
                                                                                                                                                      
                      -- travel times and delays --                                                                                                   
  stn c pha remk p p-sec s-sec resid  std-er   dist  azm ain    tc c vthk  ttob-ttcal-dlay-edly=resid rmk stn pha sources                             
 T1202z     EP 4   14.27       -2.66   -----    0.7  191 173       1      -1.34  1.32           -2.66    T1202                                        
 T1202z s   ES 3        19.27   1.20    0.73             173       1       3.66  2.46            1.20    T1202s                                       
 MZ103z     EP 4   15.22       -1.76   -----    2.0  142 163       1      -0.39  1.37           -1.76    MZ103                                        
 MZ103z s   ES 3        20.22   2.07 j  3.38             163       1       4.61  2.54            2.07    MZ103s                                       
 MZ104z     EP 4   13.47       -3.51   -----    2.2   83 161       1      -2.14  1.38           -3.51    MZ104                                        
 MZ104z s   ES 3        18.47   0.30    0.60             161       1       2.86  2.56            0.30    MZ104s                                       
 MZ100z     EP 4   15.31       -1.71   -----    2.8  125 156       1      -0.30  1.41           -1.71    MZ100                                        
 MZ100z s   ES 3        20.31   2.07 j  3.38             156       1       4.70  2.63            2.07    MZ100s                                       
 MZ101z     EP 4   15.48       -1.56   -----    3.1  103 154       1      -0.13  1.43           -1.56    MZ101                                        
 MZ101z s   ES 3        20.48   2.21 j  5.87             154       1       4.87  2.66            2.21    MZ101s                                       
 T1214z     EP 1   17.55        0.27    0.14    5.7  345 137       1       1.94  1.67            0.27    T1214                                        
 T1214z s   ES 0        18.67  -0.05    0.06             137       1       3.06  3.11           -0.05    T1214s                                       
 ED23 z     EP 3   17.99        0.65    0.52    6.2   53 134       1       2.38  1.73            0.65    ED23                                         
 ED23 z s   ES 3        20.19   1.37    0.92             134       1       4.58  3.21            1.37    ED23 s                                       
 MZ03 z     EP 4   14.30       -3.05   -----    6.3  126 133       1      -1.31  1.74           -3.05    MZ03                                         
 MZ03 z s   ES 3        19.30   0.46    0.61             133       1       3.69  3.23            0.46    MZ03 s                                       
 ED24 z     EP 3   18.67        1.28    0.71    6.7  205 131       1       3.06  1.79            1.28    ED24                                         
 ED24 z s   ES 3        20.51   1.58    1.09             131       1       4.90  3.32            1.58    ED24 s                                       
 MZ20 z     EP 4   16.03       -1.43   -----    7.2  176 129       1       0.42  1.85           -1.43    MZ20                                         
 MZ20 z s   ES 3        21.03   1.98 j  2.85             129       1       5.42  3.44            1.98    MZ20 s                                       
 T1244z     EP 4   15.27       -2.26   -----    7.8   48 126       1      -0.34  1.92           -2.26    T1244                                        
 T1244z s   ES 1        20.27   1.08    0.19             126       1       4.66  3.58            1.08    T1244s                                       
 T1299z     EP 4   15.08       -2.70   -----    9.6  152 120       1      -0.53  2.17           -2.70    T1299                                        
 T1299z s   ES 1        20.08   0.44    0.16             120       1       4.47  4.03            0.44    T1299s                                       
 MZ08 z     EP 4   15.03       -2.79   -----    9.9  150 119       1      -0.58  2.21           -2.79    MZ08                                         
 MZ08 z s   ES 2        20.03   0.30    0.30             119       1       4.42  4.12            0.30    MZ08 s                                       
 T1218z     EP 4   16.02       -1.84   -----   10.2  244 118       1       0.41  2.25           -1.84    T1218                                        
 T1218z s   ES 1        21.02   1.23    0.20             118       1       5.41  4.18            1.23    T1218s                                       
 ED10 z     EP 4   13.91       -3.95   -----   10.2  317 118       1      -1.70  2.25           -3.95    ED10                                         
 ED10 z s   ES 1        18.91  -0.89    0.16             118       1       3.30  4.19           -0.89    ED10 s                                       
 MZ60 z     EP 4   15.07       -2.87   -----   10.7  141 116       1      -0.54  2.33           -2.87    MZ60                                         
 MZ60 z s   ES 3        20.07   0.13    0.60             116       1       4.46  4.33            0.13    MZ60 s                                       
 MZ61 z     EP 4   15.13       -2.85   -----   11.1  139 115       1      -0.48  2.37           -2.85    MZ61                                         
 MZ61 z s   ES 3        20.13   0.10    0.60             115       1       4.52  4.42            0.10    MZ61 s                                       
 MZ28 z     EP 4   14.99       -3.11   -----   11.9  146 113       1      -0.62  2.49           -3.11    MZ28                                         
 MZ28 z s   ES 3        19.99  -0.26    0.60             113       1       4.38  4.64           -0.26    MZ28 s                                       
 MZ26 z     EP 4   14.85       -3.28   -----   12.1  143 113       1      -0.76  2.52           -3.28    MZ26                                         
 MZ26 z s   ES 2        19.85  -0.45    0.30             113       1       4.24  4.69           -0.45    MZ26 s                                       
 MZ17 z     EP 4   15.83       -2.32   -----   12.2  178 113       1       0.22  2.54           -2.32    MZ17                                         
 MZ17 z s   ES 3        20.83   0.49    0.61             113       1       5.22  4.73            0.49    MZ17 s                                       
 MZ27 z     EP 4   14.83       -3.33   -----   12.3  152 113       1      -0.78  2.55           -3.33    MZ27                                         
 MZ27 z s   ES 2        19.83  -0.52    0.30             113       1       4.22  4.74           -0.52    MZ27 s                                       
 MZ25 z     EP 4   14.85       -3.31   -----   12.3  142 113       1      -0.76  2.55           -3.31    MZ25                                         
 MZ25 z s   ES 1        19.85  -0.50    0.16             113       1       4.24  4.74           -0.50    MZ25 s                                       
 MZ18 z     EP 4   15.72       -2.45   -----   12.4  179 112       1       0.11  2.56           -2.45    MZ18                                         
 MZ18 z s   ES 3        20.72   0.34    0.60             112       1       5.11  4.77            0.34    MZ18 s                                       
 SMA1 z     EP 4   15.21       -2.99   -----   12.6  135 112       1      -0.40  2.59           -2.99    SMA1                                         
 SMA1 z s   ES 1        20.21  -0.21    0.16             112       1       4.60  4.81           -0.21    SMA1 s                                       
 MZ64 z     EP 4   14.96       -3.38   -----   13.4  137 110       1      -0.65  2.73           -3.38    MZ64                                         
 MZ64 z s   ES 2        19.96  -0.74    0.30             110       1       4.35  5.09           -0.74    MZ64 s                                       
 MZ14 z     EP 4   15.07       -3.40   -----   14.3  131 109       1      -0.54  2.86           -3.40    MZ14                                         
 MZ14 z s   ES 3        20.07  -0.86    0.61             109       1       4.46  5.32           -0.86    MZ14 s                                       
 T1212z     EP 0   18.83        0.16    0.05   15.6  287 107       1       3.22  3.06            0.16    T1212                                        
 T1212z s   ES 1        21.11  -0.20    0.16             107       1       5.50  5.70           -0.20    T1212s                                       
 ED11 z     EP 3   17.91       -0.83    0.51   16.0  261 106       1       2.30  3.13           -0.83    ED11                                         
 ED11 z s   ES 3        22.05   0.62    0.62             106       1       6.44  5.82            0.62    ED11 s                                       
 ED25 z     EP 4   15.11       -3.64   -----   16.1  140 106       1      -0.50  3.14           -3.64    ED25                                         
 ED25 z s   ES 1        20.11  -1.33    0.18             106       1       4.50  5.83           -1.33    ED25 s                                       
 NRCA z     EP 4   15.28       -3.53   -----   16.5  326 105       1      -0.33  3.20           -3.53    NRCA                                         
 NRCA z s   ES 1        20.28  -1.29    0.17             105       1       4.67  5.96           -1.29    NRCA s                                       
 T1245z     EP 4   15.68       -3.14   -----   16.6  349 105       1       0.07  3.21           -3.14    T1245                                        
 T1245z s   ES 3        20.68  -0.91    0.61             105       1       5.07  5.98           -0.91    T1245s                                       
 ED20 z     EP 4   17.80       -1.19   -----   17.6   76 104       1       2.19  3.38           -1.19    ED20                                         
 ED20 z s   ES 1        22.80   0.91    0.18             104       1       7.19  6.28            0.91    ED20 s                                       
 ED09 z     EP 4   17.87       -1.33   -----   19.0   58 103       1       2.26  3.59           -1.33    ED09                                         
 ED09 z s   ES 3        22.87   0.59    0.63             103       1       7.26  6.67            0.59    ED09 s                                       
 MMO1 z     EP 4   17.87       -1.89   -----   22.6   21 100       1       2.26  4.15           -1.89    MMO1                                         
 MMO1 z s   ES 3        22.87  -0.46    0.60             100       1       7.26  7.72           -0.46    MMO1 s                                       
 ED12 z     EP 4   18.02       -1.82   -----   23.1  298 100       1       2.41  4.23           -1.82    ED12                                         
 ED12 z s   ES 3        23.02  -0.45    0.60             100       1       7.41  7.86           -0.45    ED12 s                                       
 ED22 z     EP 4   21.60        0.02   -----   33.9   14  96       1       5.99  5.97            0.02    ED22                                         
 ED22 z s   ES 3        26.60  -0.12    0.60              96       1      10.99 11.11           -0.12    ED22 s                                       
                                                                                                                                                      
                       
                       
                       
 16/10/20    00:08            earthquake location                                                                                                     
         -az/dp--step---se =az/dp==step===se -az/dp--step---se                                                                                        
          52/11 .0033 .337 318/23 -.003 .418 166/64 -.011 .761                                                                                        
                                                                                                                                                      
 horizontal and vertical single variable standard deviations (68% - one degree of freedom; max 99 km)                                                 
       seh =   0.19             seh =   0.27             sez =   0.38   quality = a                                                                   
       az  =  -114.             az  =   -24.                                                                                                          
                                                                                                                                                      
 se of orig =   0.05; # of iterations =   4; dmax =     200.00; sequence number =                                                                     
 event type = " "; processing status = " "                                                                                                            
 s minus p interval for closest station =       1.27                                                                                                  
                                                                                                                                                      
    date    origin      lat      long    depth    mag no d1 gap d  rms    avwt   se                                                                   
 20161020  0 8  7.16 42n50.90  13e 8.98   6.03        28  3  60 1 0.0576  1.00  0.05                                                                  
                                                                                                                                                      
    seh  sez q sqd  adj in nr   avr  aar nm avxm mdxm sdxm nf avfm mdfm sdfm   vpvs                                                                   
    0.3  0.4 a a a 0.14 10 32 -.000 .031  0            0.0  0            0.0  0.000                                                                   
                                                                                                                                                      
                      -- travel times and delays --                                                                                                   
  stn c pha remk p p-sec s-sec resid  std-er   dist  azm ain    tc c vthk  ttob-ttcal-dlay-edly=resid rmk stn pha sources                             
 T1245z     EP 0    8.46        0.01    0.05    3.3   74 147       1       1.30  1.28            0.01    T1245                                        
 T1245z s   ES 1         9.73   0.18    0.24             147       1       2.57  2.38            0.18    T1245s                                       
 NRCA z     EP 0    8.46        0.01    0.05    3.3  241 146       1       1.30  1.29            0.01    NRCA                                         
 NRCA z s   ES 0         9.53  -0.03    0.06             146       1       2.37  2.39           -0.03    NRCA s                                       
 MC2  z     EP 3    8.58       -0.40    1.02    7.7   25 119       1       1.42  1.81           -0.40    MC2                                          
 MC2  z s   ES 3        10.71   0.18    1.00             119       1       3.55  3.37            0.18    MC2  s                                       
 ED10 z     EP 3    9.02        0.01    0.51    7.9  185 118       1       1.86  1.84            0.01    ED10                                         
 ED10 z s   ES 1        10.49  -0.10    0.16             118       1       3.33  3.43           -0.10    ED10 s                                       
 ED19 z     EP 0    9.04        0.03    0.05    8.0  354 118       1       1.88  1.85            0.03    ED19                                         
 ED19 z s   ES 1        10.59  -0.01    0.16             118       1       3.43  3.44           -0.01    ED19 s                                       
 T1214z     EP 4    6.42       -3.04   -----   11.0  154 108       1      -0.74  2.30           -3.04    T1214                                        
 T1214z s   ES 3        11.42  -0.01    0.60             108       1       4.26  4.27           -0.01    T1214s                                       
 T1216z     EP 0    9.56       -0.01    0.05   11.7  294 107       1       2.40  2.40           -0.01    T1216                                        
 T1216z s   ES 1        11.61  -0.02    0.16             107       1       4.45  4.47           -0.02    T1216s                                       
 ED16 z     EP 3   10.39        0.63 j 56.52   12.9   95 104       1       3.23  2.59            0.63    ED16                                         
 ED16 z s   ES 1        12.01   0.02    0.16             104       1       4.85  4.82            0.02    ED16 s                                       
 T1212z     EP 1   10.04        0.15    0.18   13.8  219 103       1       2.88  2.72            0.15    T1212                                        
 T1212z s   ES 1        12.34   0.11    0.18             103       1       5.18  5.07            0.11    T1212s                                       
 ED12 z     EP 3   10.26        0.20    1.02   14.9  252 102       1       3.10  2.89            0.20    ED12                                         
 MMO1 z     EP 4    7.57       -2.59   -----   15.5   69 101       1       0.41  3.00           -2.59    MMO1                                         
 MMO1 z s   ES 2        12.57  -0.17    0.30             101       1       5.41  5.58           -0.17    MMO1 s                                       
 ED17 z     EP 2   10.46       -0.17    0.25   18.4   45  99       1       3.30  3.47           -0.17    ED17                                         
 ED17 z s   ES 1        13.23  -0.38    0.24              99       1       6.07  6.45           -0.38    ED17 s                                       
 T1218z     EP 4    8.98       -1.90   -----   20.0  188  98       1       1.82  3.72           -1.90    T1218                                        
 T1218z s   ES 3        13.98  -0.10    0.60              98       1       6.82  6.92           -0.10    T1218s                                       
 ED22 z     EP 4    9.68       -1.63   -----   22.7   39  97       1       2.52  4.15           -1.63    ED22                                         
 ED22 z s   ES 3        14.68  -0.20    0.60              97       1       7.52  7.72           -0.20    ED22 s                                       
 T1215z     EP 3   11.66        0.21    1.02   23.6  257  96       1       4.50  4.29            0.21    T1215                                        
 T1215z s   ES 1        15.05  -0.09    0.16              96       1       7.89  7.98           -0.09    T1215s                                       
 ED20 z     EP 3   11.54       -0.28    0.53   25.8  115  96       1       4.38  4.66           -0.28    ED20                                         
 ED20 z s   ES 3        15.42  -0.40    1.09              96       1       8.26  8.66           -0.40    ED20 s                                       
 MZ15 z     EP 3   10.70       -1.19 j 56.52   26.3  167  96       1       3.54  4.72           -1.19    MZ15                                         
                                                                                                                                                      
                       
                       
                       
 16/10/20    00:08            earthquake location                                                                                                     
         -az/dp--step---se =az/dp==step===se -az/dp--step---se                                                                                        
         346/ 6 -6.47 8.87 254/12 -6.39 8.00 100/77 228.6 99.0                                                                                        
                                                                                                                                                      
 horizontal and vertical single variable standard deviations (68% - one degree of freedom; max 99 km)                                                 
       seh =   4.66             seh =   9.60             sez =  99.00   quality = d                                                                   
       az  =    11.             az  =   -79.                                                                                                          
                                                                                                                                                      
 se of orig =  10.00; # of iterations =  21; dmax =     200.00; sequence number =                                                                     
 event type = " "; processing status = " "                                                                                                            
 closest station did not use both p and s                                                                                                             
                                                                                                                                                      
    date    origin      lat      long    depth    mag no d1 gap d  rms    avwt   se                                                                   
 20161020  0 8 15.29 42n45.19  12e28.32  16.39         8 57 317 1 1.1360  1.00  0.05                                                                  
                                                                                                                                                      
    seh  sez q sqd  adj in nr   avr  aar nm avxm mdxm sdxm nf avfm mdfm sdfm   vpvs                                                                   
    9.6 99.0 d d d 1.13 10 10 -.000 .724  0            0.0  0            0.0  0.000                                                                   
                                                                                                                                                      
                      -- travel times and delays --                                                                                                   
  stn c pha remk p p-sec s-sec resid  std-er   dist  azm ain    tc c vthk  ttob-ttcal-dlay-edly=resid rmk stn pha sources                             
 ED01 z     EP 4   28.60        3.52   -----   56.8  116 102       1      13.31  9.79            3.52    ED01                                         
 ED01 z s   ES 3        33.60   0.11    0.72             102       1      18.31 18.21            0.11    ED01 s                                       
 MC2  z     EP 4   30.40        4.64   -----   61.2   73 101       1      15.11 10.47            4.64    MC2                                          
 MC2  z s   ES 3        35.40   0.64    0.71             101       1      20.11 19.47            0.64    MC2  s                                       
 MZ15 z     EP 3   25.70       -0.37    0.64   63.1  104 100       1      10.41 10.78           -0.37    MZ15                                         
 MZ100z     EP 3   27.23        0.95    0.65   64.5   95 100       1      11.94 10.99            0.95    MZ100                                        
 MZ101z     EP 3   26.19       -0.18    0.65   65.0   95 100       1      10.90 11.08           -0.18    MZ101                                        
 MZ03 z     EP 3   26.60       -0.14    0.67   67.4   97 100       1      11.31 11.45           -0.14    MZ03                                         
 MZ03 z s   ES 3        33.05  -3.54    0.89             100       1      17.76 21.30           -3.54    MZ03 s                                       
 MZ22 z     EP 3   27.94        1.08    0.69   68.2  100  99       1      12.65 11.57            1.08    MZ22                                         
                                                                                                                                                      
                       
                       
                       
 16/10/20    00:08            earthquake location                                                                                                     
         -az/dp--step---se =az/dp==step===se -az/dp--step---se                                                                                        
         289/ 6 -32.7 99.0 198/14 -27.3 99.0  42/75 72.52 99.0                                                                                        
                                                                                                                                                      
 horizontal and vertical single variable standard deviations (68% - one degree of freedom; max 99 km)                                                 
       seh =  99.00             seh =  99.00             sez =  99.00   quality = d                                                                   
       az  =   -70.             az  =    20.                                                                                                          
                                                                                                                                                      
 se of orig =  10.00; # of iterations =   3; dmax =     200.00; sequence number =                                                                     
 event type = " "; processing status = " "                                                                                                            
 closest station did not use both p and s                                                                                                             
                                                                                                                                                      
    date    origin      lat      long    depth    mag no d1 gap d  rms    avwt   se                                                                   
 20161020  0 8 41.82 42n18.04  13e26.41  49.21        43 33 331 1 0.4843  1.00  0.05                                                                  
                                                                                                                                                      
    seh  sez q sqd  adj in nr   avr  aar nm avxm mdxm sdxm nf avfm mdfm sdfm   vpvs                                                                   
   99.0 99.0 d d d37.50 10 46 .0000 .195  0            0.0  0            0.0  0.000                                                                   
                                                                                                                                                      
                      -- travel times and delays --                                                                                                   
  stn c pha remk p p-sec s-sec resid  std-er   dist  azm ain    tc c vthk  ttob-ttcal-dlay-edly=resid rmk stn pha sources                             
 ED04 z     EP 3   50.97        0.46 j 56.52   32.6  339 141       1       9.15  8.69            0.46    ED04                                         
 ED25 z     EP 2   51.25        0.64 j 28.26   33.9  348 139       1       9.43  8.79            0.64    ED25                                         
 MZ27 z     EP 0   50.97        0.14 j  5.65   36.6  341 137       1       9.15  9.02            0.14    MZ27                                         
 MZ64 z     EP 1   50.92        0.08 j 15.09   36.7  347 137       1       9.10  9.02            0.08    MZ64                                         
 MZ14 z     EP 0   51.04        0.20 j  5.65   36.7  349 137       1       9.22  9.03            0.20    MZ14                                         
 MZ25 z     EP 0   50.96        0.08 j  5.65   37.2  345 137       1       9.14  9.07            0.08    MZ25                                         
 MZ28 z     EP 0   50.93        0.04 j  5.65   37.2  343 136       1       9.11  9.07            0.04    MZ28                                         
 MZ26 z     EP 0   50.96        0.07 j  5.65   37.3  344 136       1       9.14  9.07            0.07    MZ26                                         
 MZ18 z     EP 3   51.37        0.47 j 56.52   37.4  332 136       1       9.55  9.08            0.47    MZ18                                         
 MZ17 z     EP 2   51.45        0.55 j 28.26   37.4  333 136       1       9.63  9.08            0.55    MZ17                                         
 SMA1 z     EP 0   50.93        0.01 j  5.65   37.6  347 136       1       9.11  9.11            0.01    SMA1                                         
 MZ63 z     EP 0   50.92       -0.02 j  5.65   37.8  345 136       1       9.10  9.12           -0.02    MZ63                                         
 MZ10 z     EP 0   50.93       -0.01 j  5.65   37.8  342 136       1       9.11  9.12           -0.01    MZ10                                         
 MZ62 z     EP 2   50.89       -0.09 j 28.26   38.3  346 136       1       9.07  9.16           -0.09    MZ62                                         
 MZ12 z     EP 0   50.94       -0.04 j  5.65   38.4  341 136       1       9.12  9.17           -0.04    MZ12                                         
 MZ61 z     EP 0   50.92       -0.08 j  5.65   38.5  344 135       1       9.10  9.18           -0.08    MZ61                                         
 MZ60 z     EP 0   50.94       -0.07 j  5.65   38.7  344 135       1       9.12  9.19           -0.07    MZ60                                         
 MZ08 z     EP 0   50.92       -0.12 j  5.65   39.0  341 135       1       9.10  9.22           -0.12    MZ08                                         
 T1299z     EP 0   50.90       -0.16 j  5.65   39.3  341 135       1       9.08  9.24           -0.16    T1299                                        
 ED03 z     EP 0   51.58        0.51 j  5.65   39.4  329 135       1       9.76  9.25            0.51    ED03                                         
 MZ09 z     EP 0   50.94       -0.14 j  5.65   39.5  344 135       1       9.12  9.26           -0.14    MZ09                                         
 MZ16 z     EP 0   51.38        0.27 j  5.65   39.8  333 134       1       9.56  9.29            0.27    MZ16                                         
 MZ23 z     EP 0   50.97       -0.18 j  5.65   40.3  343 134       1       9.15  9.33           -0.18    MZ23                                         
 MZ07 z     EP 0   50.96       -0.20 j  5.65   40.3  344 134       1       9.14  9.34           -0.20    MZ07                                         
 MZ22 z     EP 0   50.94       -0.22 j  5.65   40.4  342 134       1       9.12  9.35           -0.22    MZ22                                         
 MZ24 z     EP 0   50.98       -0.26 j  5.65   41.3  342 133       1       9.16  9.42           -0.26    MZ24                                         
 MZ21 z     EP 0   51.04       -0.22 j  5.65   41.5  340 133       1       9.22  9.44           -0.22    MZ21                                         
 MZ11 z     EP 2   50.89       -0.39 j 28.26   41.7  345 133       1       9.07  9.46           -0.39    MZ11                                         
 MZ20 z     EP 0   51.21       -0.09 j  5.65   41.9  336 133       1       9.39  9.48           -0.09    MZ20                                         
 MZ06 z     EP 0   51.07       -0.27 j  5.65   42.4  343 132       1       9.25  9.52           -0.27    MZ06                                         
 MZ19 z     EP 0   51.49        0.15 j  5.65   42.4  333 132       1       9.67  9.52            0.15    MZ19                                         
 MZ02 z     EP 0   51.11       -0.28 j  5.65   42.9  343 132       1       9.29  9.57           -0.28    MZ02                                         
 MZ03 z     EP 1   51.10       -0.35 j 15.09   43.6  343 131       1       9.28  9.63           -0.35    MZ03                                         
 MZ05 z     EP 0   51.24       -0.27 j  5.65   44.3  343 131       1       9.42  9.69           -0.27    MZ05                                         
 ED24 z     EP 1   51.57        0.05 j 15.09   44.4  333 131       1       9.75  9.70            0.05    ED24                                         
 MZ099z     EP 3   51.53       -0.14 j 56.52   46.0  336 130       1       9.71  9.85           -0.14    MZ099                                        
 MZ100z     EP 3   51.45       -0.25 j 56.52   46.4  341 129       1       9.63  9.89           -0.25    MZ100                                        
 T1218z     EP 0   52.28        0.31 j  5.65   49.0  327 127       1      10.46 10.15            0.31    T1218                                        
 ED23 z     EP 3   51.76       -0.38 j 56.52   50.7  346 126       1       9.94 10.32           -0.38    ED23                                         
 ED23 z s   ES 3        67.70   6.68 j 67.56             126       1      25.88 19.20            6.68    ED23 s                                       
 ED12 z     EP 4    5.47       11.50   -----   67.8  326 117       1      23.65 12.15           11.50    ED12                                         
 ED12 z s   ES 2        10.47   6.05 j 33.78             117       1      28.65 22.60            6.05    ED12 s                                       
 T1215z     EP 4    6.70       12.17   -----   72.8  320 115       1      24.88 12.72           12.17    T1215                                        
 T1215z s   ES 1        11.70   6.23 j 18.04             115       1      29.88 23.65            6.23    T1215s                                       
 ED19 z     EP 4    6.40       11.84   -----   73.1  340 114       1      24.58 12.74           11.84    ED19                                         
 ED19 z s   ES 3        11.40   5.88 j 67.56             114       1      29.58 23.70            5.88    ED19 s                                       
                                                                                                                                                      
                       
                       
                       
 16/10/20    00:08            earthquake location                                                                                                     
         -az/dp--step---se =az/dp==step===se -az/dp--step---se                                                                                        
         157/ 3 -.003 .596 248/ 9 -.014 .893  47/80 .1592 2.19                                                                                        
                                                                                                                                                      
 horizontal and vertical single variable standard deviations (68% - one degree of freedom; max 99 km)                                                 
       seh =   0.32             seh =   0.51             sez =   1.15   quality = a                                                                   
       az  =   -27.             az  =  -117.                                                                                                          
                                                                                                                                                      
 se of orig =   0.11; # of iterations =   6; dmax =     200.00; sequence number =                                                                     
 event type = " "; processing status = " "                                                                                                            
 closest station did not use both p and s                                                                                                             
                                                                                                                                                      
    date    origin      lat      long    depth    mag no d1 gap d  rms    avwt   se                                                                   
 20161020  0 8 49.25 42n38.43  13e18.73   9.08        23  1  53 1 0.1183  1.00  0.05                                                                  
                                                                                                                                                      
    seh  sez q sqd  adj in nr   avr  aar nm avxm mdxm sdxm nf avfm mdfm sdfm   vpvs                                                                   
    0.5  1.2 b b a 0.10 10 29 -.000 .092  0            0.0  0            0.0  0.000                                                                   
                                                                                                                                                      
                      -- travel times and delays --                                                                                                   
  stn c pha remk p p-sec s-sec resid  std-er   dist  azm ain    tc c vthk  ttob-ttcal-dlay-edly=resid rmk stn pha sources                             
 MZ62 z     EP 4   46.56       -4.32   -----    1.3  119 171       1      -2.69  1.64           -4.32    MZ62                                         
 MZ62 z s   ES 3        51.56  -0.73 j  2.07             171       1       2.31  3.04           -0.73    MZ62 s                                       
 ED25 z     EP 4   47.89       -3.26   -----    5.7  145 145       1      -1.36  1.91           -3.26    ED25                                         
 ED25 z s   ES 2        52.89   0.10    0.30             145       1       3.64  3.55            0.10    ED25 s                                       
 MZ100z     EP 3   52.05        0.69 j  2.83    7.7  323 136       1       2.80  2.12            0.69    MZ100                                        
 MZ18 z     EP 3   52.26        0.84 j 13.81    8.2  235 134       1       3.01  2.17            0.84    MZ18                                         
 MZ103z     EP 3   52.38        0.93 j 44.13    8.4  317 133       1       3.13  2.20            0.93    MZ103                                        
 ED23 z     EP 4   49.14       -2.71   -----   11.6  350 123       1      -0.11  2.60           -2.71    ED23                                         
 ED23 z s   ES 1        54.14   0.05    0.16             123       1       4.89  4.84            0.05    ED23 s                                       
 ED07 z     EP 0   52.05        0.06    0.05   12.6   96 120       1       2.80  2.74            0.06    ED07                                         
 ED07 z s   ES 1        54.40   0.05    0.16             120       1       5.15  5.10            0.05    ED07 s                                       
 T1243z     EP 3   52.01       -0.00    0.50   12.8   61 120       1       2.76  2.76           -0.00    T1243                                        
 T1243z s   ES 2        54.42   0.03    0.30             120       1       5.17  5.14            0.03    T1243s                                       
 ED20 z     EP 1   52.33       -0.10    0.13   15.7   40 114       1       3.08  3.18           -0.10    ED20                                         
 ED20 z s   ES 1        54.85  -0.31    0.17             114       1       5.60  5.91           -0.31    ED20 s                                       
 T1246z     EP 4   50.12       -2.37   -----   16.1  113 114       1       0.87  3.24           -2.37    T1246                                        
 T1246z s   ES 2        55.12  -0.16    0.30             114       1       5.87  6.03           -0.16    T1246s                                       
 RM33 z     EP 4   50.25       -2.32   -----   16.7  209 113       1       1.00  3.32           -2.32    RM33                                         
 RM33 z s   ES 3        55.25  -0.18    0.61             113       1       6.00  6.18           -0.18    RM33 s                                       
 ED16 z     EP 3   54.25        0.89 j 21.65   21.8  359 107       1       5.00  4.12            0.89    ED16                                         
 ED16 z s   ES 3        57.09   0.19    0.60             107       1       7.84  7.66            0.19    ED16 s                                       
 ED01 z     EP 3   53.25       -0.14    0.51   22.0  235 107       1       4.00  4.15           -0.14    ED01                                         
 ED11 z     EP 3   53.39       -0.22    0.52   23.5  283 105       1       4.14  4.37           -0.22    ED11                                         
 ED14 z     EP 2   53.62       -0.06    0.25   23.9  155 105       1       4.37  4.44           -0.06    ED14                                         
 ED14 z s   ES 1        57.27  -0.23    0.16             105       1       8.02  8.25           -0.23    ED14 s                                       
 T1212z     EP 3   53.53       -0.35    0.59   25.1  299 104       1       4.28  4.63           -0.35    T1212                                        
 T1212z s   ES 3        57.39  -0.47    1.09             104       1       8.14  8.61           -0.47    T1212s                                       
 T1215z     EP 4   57.51        1.21   -----   40.5  296  98       1       8.26  7.06            1.21    T1215                                        
 T1215z s   ES 2        62.51   0.14    0.30              98       1      13.26 13.12            0.14    T1215s                                       
                                                                                                                                                      
                       
                       
                       
 16/10/20    00:09            earthquake location                                                                                                     
         -az/dp--step---se =az/dp==step===se -az/dp--step---se                                                                                        
         327/ 0 .0027 2.53 237/ 1 -2.89 12.0  68/89 -217. 99.0                                                                                        
                                                                                                                                                      
 horizontal and vertical single variable standard deviations (68% - one degree of freedom; max 99 km)                                                 
       seh =   1.35             seh =   6.40             sez =  99.00   quality = d                                                                   
       az  =   -33.             az  =  -123.                                                                                                          
                                                                                                                                                      
 se of orig =  10.00; # of iterations =  16; dmax =     200.00; sequence number =                                                                     
 event type = " "; processing status = " "                                                                                                            
 closest station did not use both p and s                                                                                                             
                                                                                                                                                      
    date    origin      lat      long    depth    mag no d1 gap d  rms    avwt   se                                                                   
 20161020  0 9  4.47 42n50.18  12e47.90   4.27         8 19 307 1 0.0807  1.00  0.05                                                                  
                                                                                                                                                      
    seh  sez q sqd  adj in nr   avr  aar nm avxm mdxm sdxm nf avfm mdfm sdfm   vpvs                                                                   
    6.4 99.0 d d d 0.17 10  9 .0000 .018  0            0.0  0            0.0  0.000                                                                   
                                                                                                                                                      
                      -- travel times and delays --                                                                                                   
  stn c pha remk p p-sec s-sec resid  std-er   dist  azm ain    tc c vthk  ttob-ttcal-dlay-edly=resid rmk stn pha sources                             
 T1216z     EP 0    8.00       -0.00    0.05   19.0   71  91       1       3.53  3.53           -0.00    T1216                                        
 T1212z     EP 3    9.38        0.86 j  1.30   22.2  115  91       1       4.91  4.05            0.86    T1212                                        
 T1212z s   ES 2        11.79  -0.21    0.33              91       1       7.32  7.53           -0.21    T1212s                                       
 T1214z     EP 3   10.81        0.28    0.51   34.6  104  91       1       6.34  6.06            0.28    T1214                                        
 ED23 z     EP 4   13.32        1.71   -----   41.3  104  90       1       8.85  7.14            1.71    ED23                                         
 ED23 z s   ES 3        18.32   0.57    0.60              90       1      13.85 13.27            0.57    ED23 s                                       
 MZ16 z     EP 3   12.51        0.78 j  1.14   42.1  125  90       1       8.04  7.26            0.78    MZ16                                         
 MZ62 z     EP 3   14.70        1.91 j 56.52   48.7  117  90       1      10.23  8.32            1.91    MZ62                                         
 MZ62 z s   ES 3        19.35  -0.60 j  1.37              90       1      14.88 15.48           -0.60    MZ62 s                                       
                                                                                                                                                      
                       
                       
                       
 16/10/20    00:10            earthquake location                                                                                                     
         -az/dp--step---se =az/dp==step===se -az/dp--step---se                                                                                        
         188/ 4 -.746 4.57 279/13 .0085 2.58  81/76 -.001 1.11                                                                                        
                                                                                                                                                      
 horizontal and vertical single variable standard deviations (68% - one degree of freedom; max 99 km)                                                 
       seh =   1.35             seh =   2.44             sez =   0.68   quality = b                                                                   
       az  =   -82.             az  =     8.                                                                                                          
                                                                                                                                                      
 se of orig =   0.22; # of iterations =  13; dmax =     200.00; sequence number =                                                                     
 event type = " "; processing status = " "                                                                                                            
 s minus p interval for closest station =      10.16                                                                                                  
                                                                                                                                                      
    date    origin      lat      long    depth    mag no d1 gap d  rms    avwt   se                                                                   
 20161020  010 22.49 42n21.07  14e22.85  18.83        89 67 318 1 0.3706  1.00  0.05                                                                  
                                                                                                                                                      
    seh  sez q sqd  adj in nr   avr  aar nm avxm mdxm sdxm nf avfm mdfm sdfm   vpvs                                                                   
    2.4  0.7 d d d 0.22 10 91 -.000 .272  0            0.0  0            0.0  0.000                                                                   
                                                                                                                                                      
                      -- travel times and delays --                                                                                                   
  stn c pha remk p p-sec s-sec resid  std-er   dist  azm ain    tc c vthk  ttob-ttcal-dlay-edly=resid rmk stn pha sources                             
 GIGS z     EP 3   35.10        1.08    0.55   67.5  280 102       1      12.61 11.53            1.08    GIGS                                         
 GIGS z s   ES 3        45.26   1.32    1.09             102       1      22.77 21.44            1.32    GIGS s                                       
 ED15 z     EP 2   34.56        0.07    0.25   70.5  286 101       1      12.07 11.99            0.07    ED15                                         
 TERO z     EP 2   34.90        0.39    0.26   70.6  296 101       1      12.41 12.02            0.39    TERO                                         
 T1246z     EP 2   35.68        0.11    0.25   77.4  290 100       1      13.19 13.07            0.11    T1246                                        
 ED14 z     EP 3   35.15       -0.62    0.51   78.7  278 100       1      12.66 13.27           -0.62    ED14                                         
 AQU  z     EP 3   36.56        0.52    0.50   80.4  271 100       1      14.07 13.55            0.52    AQU                                          
 ED07 z     EP 2   36.04       -0.15    0.25   81.3  293 100       1      13.55 13.70           -0.15    ED07                                         
 CAMP z     EP 3   36.88        0.50    0.51   82.5  285  99       1      14.39 13.88            0.50    CAMP                                         
 ED05 z     EP 3   35.72       -1.03    0.53   84.9  280  99       1      13.23 14.25           -1.03    ED05                                         
 T1243z     EP 2   37.80        0.93    0.29   85.7  297  99       1      15.31 14.38            0.93    T1243                                        
 ED25 z     EP 3   36.62       -0.77    0.51   89.0  288  99       1      14.13 14.89           -0.77    ED25                                         
 ED20 z     EP 3   37.05       -0.39    0.50   89.3  300  99       1      14.56 14.95           -0.39    ED20                                         
 MZ14 z     EP 3   36.73       -0.74    0.50   89.5  290  99       1      14.24 14.97           -0.74    MZ14                                         
 MZ64 z     EP 3   37.46       -0.21    0.50   90.8  290  98       1      14.97 15.18           -0.21    MZ64                                         
 SMA1 z     EP 2   37.71       -0.05    0.25   91.4  290  98       1      15.22 15.27           -0.05    SMA1                                         
 MZ62 z     EP 3   38.65        0.75    0.53   92.3  290  98       1      16.16 15.41            0.75    MZ62                                         
 MZ62 z s   ES 3        51.58   0.42    0.67              98       1      29.09 28.66            0.42    MZ62 s                                       
 MZ63 z     EP 3   37.03       -0.87    0.51   92.3  290  98       1      14.54 15.41           -0.87    MZ63                                         
 MZ25 z     EP 4   45.88        7.96   -----   92.4  289  98       1      23.39 15.42            7.96    MZ25                                         
 MZ25 z s   ES 3        50.88  -0.30    0.60              98       1      28.39 28.69           -0.30    MZ25 s                                       
 ED04 z     EP 3   37.79       -0.15    0.50   92.5  286  98       1      15.30 15.45           -0.15    ED04                                         
 MZ26 z     EP 3   38.23        0.27    0.50   92.6  289  98       1      15.74 15.46            0.27    MZ26                                         
 ED09 z     EP 3   37.93       -0.10    0.50   93.1  303  98       1      15.44 15.54           -0.10    ED09                                         
 MZ28 z     EP 3   37.90       -0.15    0.50   93.2  289  98       1      15.41 15.55           -0.15    MZ28                                         
 MZ60 z     EP 2   38.01       -0.10    0.25   93.6  290  98       1      15.52 15.62           -0.10    MZ60                                         
 MZ27 z     EP 3   37.48       -0.66    0.50   93.8  288  98       1      14.99 15.64           -0.66    MZ27                                         
 MZ10 z     EP 2   38.05       -0.12    0.25   93.9  289  98       1      15.56 15.67           -0.12    MZ10                                         
 MZ10 z s   ES 3        50.85  -0.79    0.60              98       1      28.36 29.15           -0.79    MZ10 s                                       
 MZ09 z     EP 3   38.12       -0.06    0.50   94.0  290  98       1      15.63 15.68           -0.06    MZ09                                         
 MZ07 z     EP 3   38.42        0.17    0.50   94.5  291  98       1      15.93 15.75            0.17    MZ07                                         
 MZ07 z s   ES 3        52.00   0.20    0.63              98       1      29.51 29.30            0.20    MZ07 s                                       
 MZ12 z     EP 3   38.06       -0.22    0.50   94.7  289  98       1      15.57 15.79           -0.22    MZ12                                         
 MZ11 z     EP 3   38.17       -0.12    0.50   94.8  292  98       1      15.68 15.80           -0.12    MZ11                                         
 MZ08 z     EP 1   38.36       -0.01    0.13   95.2  290  98       1      15.87 15.88           -0.01    MZ08                                         
 MZ22 z     EP 3   38.47        0.08    0.50   95.4  291  98       1      15.98 15.90            0.08    MZ22                                         
 T1299z     EP 3   38.26       -0.17    0.50   95.6  290  98       1      15.77 15.94           -0.17    T1299                                        
 ED06 z     EP 3   37.62       -0.83    0.52   95.8  278  98       1      15.13 15.96           -0.83    ED06                                         
 MZ24 z     EP 3   39.25        0.77    0.53   95.9  291  98       1      16.76 15.98            0.77    MZ24                                         
 MZ06 z     EP 3   38.70        0.15    0.50   96.5  292  52       1      16.21 16.06            0.15    MZ06                                         
 MZ02 z     EP 3   39.50        0.92    0.56   96.7  292  52       1      17.01 16.09            0.92    MZ02                                         
 MZ03 z     EP 3   38.47       -0.12    0.50   96.8  292  52       1      15.98 16.10           -0.12    MZ03                                         
 MZ05 z     EP 3   38.55       -0.10    0.50   97.3  293  52       1      16.06 16.16           -0.10    MZ05                                         
 MZ21 z     EP 3   38.27       -0.40    0.50   97.4  290  52       1      15.78 16.17           -0.40    MZ21                                         
 MZ21 z s   ES 3        51.98  -0.60    0.60              52       1      29.49 30.08           -0.60    MZ21 s                                       
 RM33 z     EP 3   38.26       -0.43    0.50   97.6  281  52       1      15.77 16.19           -0.43    RM33                                         
 RM33 z s   ES 3        52.41  -0.21    0.60              52       1      29.92 30.12           -0.21    RM33 s                                       
 MZ17 z     EP 3   39.45        0.65    0.51   98.4  287  52       1      16.96 16.30            0.65    MZ17                                         
 MZ18 z     EP 3   38.96        0.15    0.50   98.6  287  52       1      16.47 16.32            0.15    MZ18                                         
 T1244z     EP 2   39.49        0.53    0.26   99.7  297  52       1      17.00 16.46            0.53    T1244                                        
 ED23 z     EP 3   39.20        0.23    0.50   99.8  296  52       1      16.71 16.48            0.23    ED23                                         
 MZ101z     EP 2   39.21        0.24    0.25   99.8  293  52       1      16.72 16.48            0.24    MZ101                                        
 MZ20 z     EP 2   38.86       -0.12    0.25   99.9  289  52       1      16.37 16.48           -0.12    MZ20                                         
 MZ20 z s   ES 3        53.89   0.74    0.68              52       1      31.40 30.66            0.74    MZ20 s                                       
 MZ100z     EP 4   48.26        9.26   -----  100.1  293  52       1      25.77 16.51            9.26    MZ100                                        
 MZ100z s   ES 3        53.26   0.06    0.61              52       1      30.77 30.71            0.06    MZ100s                                       
 MZ104z     EP 2   39.30        0.19    0.25  101.0  294  52       1      16.81 16.62            0.19    MZ104                                        
 MZ103z     EP 3   39.37        0.24    0.50  101.1  293  52       1      16.88 16.64            0.24    MZ103                                        
 MZ103z s   ES 3        53.69   0.25    0.62              52       1      31.20 30.95            0.25    MZ103s                                       
 MZ19 z     EP 3   39.21        0.00    0.50  101.7  289  52       1      16.72 16.71            0.00    MZ19                                         
 ED03 z     EP 3   39.30        0.08    0.50  101.8  286  52       1      16.81 16.72            0.08    ED03                                         
 ED16 z     EP 3   39.81        0.40    0.51  103.4  302  52       1      17.32 16.92            0.40    ED16                                         
 ED24 z     EP 3   39.12       -0.30    0.50  103.4  289  52       1      16.63 16.92           -0.30    ED24                                         
 MMO1 z     EP 3   39.39       -0.32    0.50  105.8  306  52       1      16.90 17.22           -0.32    MMO1                                         
 T1214z     EP 3   39.41       -0.39    0.50  106.4  296  52       1      16.92 17.30           -0.39    T1214                                        
 ED08 z     EP 3   39.90       -0.33    0.52  109.9  277  52       1      17.41 17.73           -0.33    ED08                                         
 T1218z     EP 2   39.84       -0.39    0.25  109.9  289  52       1      17.35 17.73           -0.39    T1218                                        
 ED17 z     EP 2   40.20       -0.21    0.25  111.3  308  52       1      17.71 17.91           -0.21    ED17                                         
 ED10 z     EP 3   40.01       -0.51    0.51  112.2  295  52       1      17.52 18.03           -0.51    ED10                                         
 ED10 z s   ES 3        55.98  -0.05    0.60              52       1      33.49 33.53           -0.05    ED10 s                                       
 T1245z     EP 3   40.38       -0.22    0.50  112.8  300  52       1      17.89 18.10           -0.22    T1245                                        
 ED22 z     EP 2   40.70        0.07    0.25  113.1  310  52       1      18.21 18.13            0.07    ED22                                         
 LNSS z     EP 2   40.86        0.15    0.25  113.7  285  52       1      18.37 18.21            0.15    LNSS                                         
 MC2  z     EP 3   40.82       -0.16    0.50  115.9  303  52       1      18.33 18.49           -0.16    MC2                                          
 GUMA z     EP 2   40.85       -0.21    0.25  116.6  313  52       1      18.36 18.57           -0.21    GUMA                                         
 ED11 z     EP 3   40.83       -0.27    0.51  116.9  289  52       1      18.34 18.61           -0.27    ED11                                         
 ED11 z s   ES 3        57.90   0.79    0.60              52       1      35.41 34.61            0.79    ED11 s                                       
 NRCA z     EP 3   41.25        0.14    0.50  116.9  298  52       1      18.76 18.62            0.14    NRCA                                         
 ED18 z     EP 3   40.76       -0.39    0.51  117.3  308  52       1      18.27 18.66           -0.39    ED18                                         
 ED21 z     EP 2   41.08       -0.17    0.25  118.1  310  52       1      18.59 18.76           -0.17    ED21                                         
 T1212z     EP 3   41.05       -0.24    0.51  118.4  293  52       1      18.56 18.80           -0.24    T1212                                        
 T1212z s   ES 3        56.47  -0.99    0.80              52       1      33.98 34.97           -0.99    T1212s                                       
 ED19 z     EP 3   41.25       -0.22    0.51  119.8  302  52       1      18.76 18.98           -0.22    ED19                                         
 ED02 z     EP 3   41.00       -0.82    0.64  122.6  284  52       1      18.51 19.33           -0.82    ED02                                         
 T1217z     EP 3   42.12       -0.08    0.51  125.6  289  52       1      19.63 19.70           -0.08    T1217                                        
 ED12 z     EP 2   42.78        0.56    0.25  125.8  294  52       1      20.29 19.73            0.56    ED12                                         
 CSP1 z     EP 2   42.29       -0.04    0.25  126.7  311  52       1      19.80 19.83           -0.04    CSP1                                         
 T1216z     EP 3   42.30       -0.04    0.51  126.8  299  52       1      19.81 19.85           -0.04    T1216                                        
 T1215z     EP 2   42.81       -0.42    0.27  133.9  292  52       1      20.32 20.73           -0.42    T1215                                        
 T1215z s   ES 3        61.05  -0.01    0.62              52       1      38.56 38.56           -0.01    T1215s                                       
 ASSB z     EP 2   47.12        0.54    0.31  160.7  299  52       1      24.63 24.08            0.54    ASSB                                         
                                                                                                                                                      
                       
                       
                       
 16/10/20    00:10            earthquake location                                                                                                     
         -az/dp--step---se =az/dp==step===se -az/dp--step---se                                                                                        
          79/12 .0035 2.69 339/39 .1139 4.48 183/48 .0308 4.13                                                                                        
                                                                                                                                                      
 horizontal and vertical single variable standard deviations (68% - one degree of freedom; max 99 km)                                                 
       seh =   1.48             seh =   2.32             sez =   2.26   quality = b                                                                   
       az  =  -102.             az  =   -12.                                                                                                          
                                                                                                                                                      
 se of orig =   0.30; # of iterations =  18; dmax =     200.00; sequence number =                                                                     
 event type = " "; processing status = " "                                                                                                            
 closest station did not use both p and s                                                                                                             
                                                                                                                                                      
    date    origin      lat      long    depth    mag no d1 gap d  rms    avwt   se                                                                   
 20161020  010 28.61 42n32.03  13e40.22  56.48        26 20 105 1 0.7975  1.00  0.05                                                                  
                                                                                                                                                      
    seh  sez q sqd  adj in nr   avr  aar nm avxm mdxm sdxm nf avfm mdfm sdfm   vpvs                                                                   
    2.3  2.3 c d b 0.05 10 37 .0000 .657  0            0.0  0            0.0  0.000                                                                   
                                                                                                                                                      
                      -- travel times and delays --                                                                                                   
  stn c pha remk p p-sec s-sec resid  std-er   dist  azm ain    tc c vthk  ttob-ttcal-dlay-edly=resid rmk stn pha sources                             
 ED07 z     EP 4   40.82        3.55   -----   19.8  302 158       1      12.21  8.65            3.55    ED07                                         
 ED07 z s   ES 3        45.82   1.11    0.65             158       1      17.21 16.09            1.11    ED07 s                                       
 VCEL z     EP 3   36.45       -0.87    0.50   20.9  138 157       1       7.84  8.70           -0.87    VCEL                                         
 ED14 z     EP 4   41.08        3.71   -----   21.9  243 156       1      12.47  8.75            3.71    ED14                                         
 ED14 z s   ES 3        46.08   1.19    0.65             156       1      17.47 16.28            1.19    ED14 s                                       
 MZ64 z     EP 4   41.52        3.74   -----   28.9  290 149       1      12.91  9.16            3.74    MZ64                                         
 MZ64 z s   ES 3        46.52   0.86    0.62             149       1      17.91 17.04            0.86    MZ64 s                                       
 AQU  z     EP 3   37.44       -0.38    0.50   29.6  228 148       1       8.83  9.21           -0.38    AQU                                          
 MZ26 z     EP 4   40.46        2.56   -----   30.7  289 147       1      11.85  9.28            2.56    MZ26                                         
 MZ26 z s   ES 3        45.46  -0.42    0.60             147       1      16.85 17.27           -0.42    MZ26 s                                       
 MZ60 z     EP 4   40.53        2.56   -----   31.7  291 146       1      11.92  9.35            2.56    MZ60                                         
 MZ60 z s   ES 3        45.53  -0.48    0.60             146       1      16.92 17.40           -0.48    MZ60 s                                       
 T1247z     EP 3   38.45        0.45    0.50   32.3  252 146       1       9.84  9.39            0.45    T1247                                        
 MZ24 z     EP 3   37.33       -0.81    0.50   34.1  293 144       1       8.72  9.52           -0.81    MZ24                                         
 MZ05 z     EP 3   39.73        1.48    0.50   35.7  298 143       1      11.12  9.64            1.48    MZ05                                         
 TRTR z     EP 3   37.49       -0.82    0.50   36.4   33 142       1       8.88  9.70           -0.82    TRTR                                         
 TRTR z s   ES 3        45.40  -1.25    0.60             142       1      16.79 18.04           -1.25    TRTR s                                       
 MZ18 z     EP 3   40.07        1.72    0.50   36.9  281 142       1      11.46  9.73            1.72    MZ18                                         
 MZ18 z s   ES 3        46.32  -0.40    0.60             142       1      17.71 18.10           -0.40    MZ18 s                                       
 T1244z     EP 4   42.13        3.59   -----   39.3  309 140       1      13.52  9.93            3.59    T1244                                        
 T1244z s   ES 3        47.13   0.05    0.60             140       1      18.52 18.46            0.05    T1244s                                       
 ED03 z     EP 4   41.64        3.03   -----   40.2  281 139       1      13.03  9.99            3.03    ED03                                         
 ED03 z s   ES 3        46.64  -0.56    0.60             139       1      18.03 18.58           -0.56    ED03 s                                       
 OFFI z     EP 2   39.24        0.26    0.25   44.6    2 136       1      10.63 10.36            0.26    OFFI                                         
 ED01 z     EP 3   38.46       -0.76    0.50   47.5  269 134       1       9.85 10.61           -0.76    ED01                                         
 AM05 z     EP 3   41.00        1.01    0.50   55.7  332 129       1      12.39 11.37            1.01    AM05                                         
 T1212z     EP 4   45.08        4.99   -----   56.7  295 128       1      16.47 11.47            4.99    T1212                                        
 T1212z s   ES 3        50.08   0.13    0.60             128       1      21.47 21.34            0.13    T1212s                                       
 ED02 z     EP 4   45.01        4.46   -----   61.4  277 126       1      16.40 11.93            4.46    ED02                                         
 ED02 z s   ES 3        50.01  -0.80    0.60             126       1      21.40 22.20           -0.80    ED02 s                                       
 T1217z     EP 3   41.08        0.29    0.50   63.8  288 125       1      12.47 12.18            0.29    T1217                                        
 T1211z     EP 3   40.17       -0.95    0.51   67.0  270 123       1      11.56 12.51           -0.95    T1211                                        
 ARRO z     EP 3   41.97        0.04    0.50   74.5  274 120       1      13.36 13.31            0.04    ARRO                                         
 CESX z     EP 4   51.48        7.89   -----   89.3  276 114       1      22.87 14.97            7.89    CESX                                         
 CESX z s   ES 3        56.48   0.02    0.60             114       1      27.87 27.85            0.02    CESX s                                       
 ASSB z     EP 4   52.49        7.65   -----  100.2  305 111       1      23.88 16.22            7.65    ASSB                                         
 ASSB z s   ES 3        57.49  -1.30    0.63             111       1      28.88 30.18           -1.30    ASSB s                                       
                                                                                                                                                      
                       
                       
                       
 16/10/20    00:10            earthquake location                                                                                                     
         -az/dp--step---se =az/dp==step===se -az/dp--step---se                                                                                        
          99/ 1 .0058 3.49   9/ 1 1.652 8.89 251/89 162.9 99.0                                                                                        
                                                                                                                                                      
 horizontal and vertical single variable standard deviations (68% - one degree of freedom; max 99 km)                                                 
       seh =   1.89             seh =   4.75             sez =  99.00   quality = d                                                                   
       az  =   -81.             az  =     9.                                                                                                          
                                                                                                                                                      
 se of orig =  10.00; # of iterations =  21; dmax =     200.00; sequence number =                                                                     
 event type = " "; processing status = " "                                                                                                            
 closest station did not use both p and s                                                                                                             
                                                                                                                                                      
    date    origin      lat      long    depth    mag no d1 gap d  rms    avwt   se                                                                   
 20161020  010 44.98 42n43.87  13e46.87   5.57        12 39 328 1 0.5683  1.00  0.05                                                                  
                                                                                                                                                      
    seh  sez q sqd  adj in nr   avr  aar nm avxm mdxm sdxm nf avfm mdfm sdfm   vpvs                                                                   
    4.8 99.0 d d d 0.18 10 16 -.000 .511  0            0.0  0            0.0  0.000                                                                   
                                                                                                                                                      
                      -- travel times and delays --                                                                                                   
  stn c pha remk p p-sec s-sec resid  std-er   dist  azm ain    tc c vthk  ttob-ttcal-dlay-edly=resid rmk stn pha sources                             
 MZ62 z     EP 3   51.41       -0.29    0.50   38.8  254  93       1       6.43  6.72           -0.29    MZ62                                         
 T1214z     EP 4   56.06        3.03   -----   47.0  274  92       1      11.08  8.05            3.03    T1214                                        
 T1214z s   ES 3        61.06   1.10    0.62              92       1      16.08 14.98            1.10    T1214s                                       
 MZ15 z     EP 3   53.26        0.11    0.50   47.7  255  92       1       8.28  8.17            0.11    MZ15                                         
 T1245z     EP 3   54.22        0.62    0.50   50.5  286  92       1       9.24  8.62            0.62    T1245                                        
 ED10 z     EP 4   56.39        2.45   -----   52.6  276  92       1      11.41  8.97            2.45    ED10                                         
 ED10 z s   ES 3        61.39  -0.26    0.60              92       1      16.41 16.68           -0.26    ED10 s                                       
 NRCA z     EP 3   54.93        0.49    0.50   55.7  282  92       1       9.95  9.47            0.49    NRCA                                         
 NRCA z s   ES 3        62.69   0.11    0.60              92       1      17.71 17.61            0.11    NRCA s                                       
 T1212z     EP 3   55.45        0.26    0.50   60.3  272  92       1      10.47 10.21            0.26    T1212                                        
 ED11 z     EP 3   54.89       -0.47    0.50   61.4  266  92       1       9.91 10.38           -0.47    ED11                                         
 ED12 z     EP 3   55.40       -0.75    0.51   66.3  278  91       1      10.42 11.17           -0.75    ED12                                         
 T1217z     EP 4    2.26        5.58   -----   69.6  269  91       1      17.28 11.71            5.58    T1217                                        
 T1217z s   ES 2         7.26   0.51    0.30              91       1      22.28 21.78            0.51    T1217s                                       
 T1215z     EP 4    2.63        5.06   -----   75.1  276  91       1      17.65 12.59            5.06    T1215                                        
 T1215z s   ES 2         7.63  -0.76    0.31              91       1      22.65 23.42           -0.76    T1215s                                       
                                                                                                                                                      
                       
                       
                       
 16/10/20    00:12            earthquake location                                                                                                     
         -az/dp--step---se =az/dp==step===se -az/dp--step---se                                                                                        
          22/ 3 -.002 .438 113/ 5 .0019 .298 261/84 .0064 .541                                                                                        
                                                                                                                                                      
 horizontal and vertical single variable standard deviations (68% - one degree of freedom; max 99 km)                                                 
       seh =   0.16             seh =   0.23             sez =   0.29   quality = a                                                                   
       az  =   -67.             az  =    23.                                                                                                          
                                                                                                                                                      
 se of orig =   0.04; # of iterations =   4; dmax =     200.00; sequence number =                                                                     
 event type = " "; processing status = " "                                                                                                            
 closest station did not use both p and s                                                                                                             
                                                                                                                                                      
    date    origin      lat      long    depth    mag no d1 gap d  rms    avwt   se                                                                   
 20161020  012 25.32 42n40.83  13e12.36  11.22        99  1  29 1 0.1063  1.00  0.05                                                                  
                                                                                                                                                      
    seh  sez q sqd  adj in nr   avr  aar nm avxm mdxm sdxm nf avfm mdfm sdfm   vpvs                                                                   
    0.2  0.3 a a a 0.24 10104 -.000 .084  0            0.0  0            0.0  0.000                                                                   
                                                                                                                                                      
                      -- travel times and delays --                                                                                                   
  stn c pha remk p p-sec s-sec resid  std-er   dist  azm ain    tc c vthk  ttob-ttcal-dlay-edly=resid rmk stn pha sources                             
 MZ099z     EP 3   27.60        0.32 j  7.31    0.8   93 176       1       2.28  1.97            0.32    MZ099                                        
 ED24 z     EP 0   27.45        0.10    0.08    3.0  202 164       1       2.13  2.03            0.10    ED24                                         
 ED24 z s   ES 1        28.96  -0.13    0.16             164       1       3.64  3.77           -0.13    ED24 s                                       
 MZ103z     EP 0   27.44        0.07    0.07    3.4   60 162       1       2.12  2.05            0.07    MZ103                                        
 MZ103z s   ES 2        29.13   0.00    0.32             162       1       3.81  3.81            0.00    MZ103s                                       
 MZ100z     EP 1   27.45        0.03    0.15    4.4   68 157       1       2.13  2.10            0.03    MZ100                                        
 MZ100z s   ES 1        29.10  -0.13    0.16             157       1       3.78  3.91           -0.13    MZ100s                                       
 MZ19 z     EP 1   27.51        0.09    0.18    4.4  179 157       1       2.19  2.10            0.09    MZ19                                         
 MZ19 z s   ES 1        29.19  -0.04    0.16             157       1       3.87  3.91           -0.04    MZ19 s                                       
 MZ20 z     EP 1   27.55        0.12    0.22    4.5  151 156       1       2.23  2.11            0.12    MZ20                                         
 MZ20 z s   ES 2        29.28   0.03    0.33             156       1       3.96  3.93            0.03    MZ20 s                                       
 MZ104z     EP 3   27.58        0.10    0.77    5.3   47 153       1       2.26  2.16            0.10    MZ104                                        
 MZ104z s   ES 3        29.33  -0.01    0.63             153       1       4.01  4.03           -0.01    MZ104s                                       
 MZ101z     EP 0   27.58        0.09    0.07    5.3   61 152       1       2.26  2.17            0.09    MZ101                                        
 MZ101z s   ES 1        29.24  -0.12    0.16             152       1       3.92  4.04           -0.12    MZ101s                                       
 MZ05 z     EP 1   27.79        0.20 j  0.46    6.5   88 147       1       2.47  2.27            0.20    MZ05                                         
 MZ05 z s   ES 1        29.78   0.25 j  0.65             147       1       4.46  4.22            0.25    MZ05 s                                       
 MZ02 z     EP 1   27.79        0.19 j  0.40    6.7  100 146       1       2.47  2.28            0.19    MZ02                                         
 MZ02 z s   ES 2        29.66   0.10    0.40             146       1       4.34  4.24            0.10    MZ02 s                                       
 MZ03 z     EP 1   27.95        0.34 j  2.97    6.8   93 146       1       2.63  2.29            0.34    MZ03                                         
 MZ03 z s   ES 1        30.02   0.45 j 14.08             146       1       4.70  4.26            0.45    MZ03 s                                       
 MZ06 z     EP 2   27.79        0.18 j  0.65    6.8  105 146       1       2.47  2.29            0.18    MZ06                                         
 MZ06 z s   ES 1        29.72   0.14    0.24             146       1       4.40  4.26            0.14    MZ06 s                                       
 MZ24 z     EP 1   27.82        0.16 j  0.31    7.3  113 144       1       2.50  2.34            0.16    MZ24                                         
 MZ24 z s   ES 1        29.78   0.11    0.21             144       1       4.46  4.35            0.11    MZ24 s                                       
 T1218z     EP 0   27.65       -0.03    0.05    7.5  261 143       1       2.33  2.36           -0.03    T1218                                        
 T1218z s   ES 1        29.49  -0.22    0.16             143       1       4.17  4.39           -0.22    T1218s                                       
 MZ22 z     EP 3   27.20       -0.52    0.57    7.9  118 141       1       1.88  2.40           -0.52    MZ22                                         
 MZ22 z s   ES 3        29.93   0.15    1.00             141       1       4.61  4.46            0.15    MZ22 s                                       
 T1299z     EP 0   27.76        0.03    0.06    8.1  129 141       1       2.44  2.42            0.03    T1299                                        
 T1299z s   ES 1        29.64  -0.17    0.16             141       1       4.32  4.49           -0.17    T1299s                                       
 MZ08 z     EP 1   27.81        0.04    0.16    8.5  129 139       1       2.49  2.46            0.04    MZ08                                         
 MZ08 z s   ES 3        29.60  -0.29    0.60             139       1       4.28  4.57           -0.29    MZ08 s                                       
 MZ23 z     EP 2   27.91        0.14    0.46    8.5  115 139       1       2.59  2.46            0.14    MZ23                                         
 MZ23 z s   ES 3        29.93   0.04    0.67             139       1       4.61  4.57            0.04    MZ23 s                                       
 MZ11 z     EP 4   25.31       -2.47   -----    8.6  103 139       1      -0.01  2.46           -2.47    MZ11                                         
 MZ11 z s   ES 3        30.31   0.41 j 25.87             139       1       4.99  4.58            0.41    MZ11 s                                       
 ED03 z     EP 0   27.78       -0.02    0.05    8.7  188 138       1       2.46  2.48           -0.02    ED03                                         
 ED03 z s   ES 1        29.76  -0.17    0.16             138       1       4.44  4.61           -0.17    ED03 s                                       
 T1214z     EP 3   27.99        0.19 j  1.73    8.8    1 138       1       2.67  2.49            0.19    T1214                                        
 T1214z s   ES 1        29.90  -0.04    0.17             138       1       4.58  4.62           -0.04    T1214s                                       
 MZ07 z     EP 0   27.96        0.15    0.10    8.8  113 138       1       2.64  2.49            0.15    MZ07                                         
 MZ07 z s   ES 1        30.04   0.10    0.20             138       1       4.72  4.63            0.10    MZ07 s                                       
 MZ18 z     EP 3   27.90        0.04    0.59    9.3  168 136       1       2.58  2.54            0.04    MZ18                                         
 MZ18 z s   ES 3        30.02  -0.03    0.62             136       1       4.70  4.73           -0.03    MZ18 s                                       
 MZ09 z     EP 4   25.09       -2.77   -----    9.3  117 136       1      -0.23  2.54           -2.77    MZ09                                         
 MZ09 z s   ES 2        30.09   0.04    0.33             136       1       4.77  4.73            0.04    MZ09 s                                       
 ED23 z     EP 2   27.97        0.07    0.36    9.6   44 135       1       2.65  2.58            0.07    ED23                                         
 ED23 z s   ES 3        30.51   0.40 j 32.64             135       1       5.19  4.79            0.40    ED23 s                                       
 MZ60 z     EP 2   27.95        0.03    0.29    9.8  121 135       1       2.63  2.60            0.03    MZ60                                         
 MZ60 z s   ES 1        30.18   0.02    0.17             135       1       4.86  4.84            0.02    MZ60 s                                       
 MZ10 z     EP 1   28.00        0.08    0.18    9.9  129 135       1       2.68  2.60            0.08    MZ10                                         
 MZ10 z s   ES 1        30.08  -0.08    0.16             135       1       4.76  4.84           -0.08    MZ10 s                                       
 MZ61 z     EP 1   28.04        0.07    0.17   10.3  120 133       1       2.72  2.65            0.07    MZ61                                         
 MZ61 z s   ES 3        30.33   0.09    0.73             133       1       5.01  4.93            0.09    MZ61 s                                       
 MZ27 z     EP 1   28.08        0.07    0.17   10.6  136 132       1       2.76  2.69            0.07    MZ27                                         
 MZ27 z s   ES 3        30.44   0.12    0.85             132       1       5.12  5.00            0.12    MZ27 s                                       
 MZ28 z     EP 1   28.08        0.07    0.17   10.6  128 132       1       2.76  2.69            0.07    MZ28                                         
 MZ28 z s   ES 3        30.56   0.24 j  2.07             132       1       5.24  5.00            0.24    MZ28 s                                       
 MZ26 z     EP 1   28.12        0.06    0.17   11.0  125 131       1       2.80  2.74            0.06    MZ26                                         
 MZ26 z s   ES 1        30.47   0.06    0.18             131       1       5.15  5.09            0.06    MZ26 s                                       
 MZ62 z     EP 1   28.18        0.12    0.22   11.1  117 131       1       2.86  2.74            0.12    MZ62                                         
 MZ62 z s   ES 1        30.50   0.08    0.19             131       1       5.18  5.10            0.08    MZ62 s                                       
 MZ63 z     EP 0   28.16        0.09    0.07   11.2  120 131       1       2.84  2.75            0.09    MZ63                                         
 MZ63 z s   ES 1        30.40  -0.04    0.16             131       1       5.08  5.12           -0.04    MZ63 s                                       
 MZ25 z     EP 1   28.14        0.06    0.16   11.3  124 130       1       2.82  2.76            0.06    MZ25                                         
 MZ25 z s   ES 2        30.34  -0.12    0.30             130       1       5.02  5.14           -0.12    MZ25 s                                       
 ED10 z     EP 2   28.23        0.07    0.36   12.0  334 129       1       2.91  2.85            0.07    ED10                                         
 ED10 z s   ES 3        30.41  -0.20    0.60             129       1       5.09  5.29           -0.20    ED10 s                                       
 SMA1 z     EP 0   28.32        0.15    0.10   12.0  118 129       1       3.00  2.85            0.15    SMA1                                         
 SMA1 z s   ES 2        30.72   0.10    0.40             129       1       5.40  5.30            0.10    SMA1 s                                       
 MZ64 z     EP 0   28.36        0.11    0.08   12.7  121 127       1       3.04  2.94            0.11    MZ64                                         
 MZ64 z s   ES 1        30.84   0.06    0.18             127       1       5.52  5.46            0.06    MZ64 s                                       
 MZ14 z     EP 0   28.34       -0.07    0.05   13.8  116 124       1       3.02  3.09           -0.07    MZ14                                         
 MZ14 z s   ES 1        30.70  -0.37    0.16             124       1       5.38  5.75           -0.37    MZ14 s                                       
 ED04 z     EP 3   28.83        0.40 j 34.63   14.0  148 124       1       3.51  3.11            0.40    ED04                                         
 ED04 z s   ES 3        31.03  -0.07    0.61             124       1       5.71  5.78           -0.07    ED04 s                                       
 ED11 z     EP 1   28.46        0.01    0.16   14.2  274 123       1       3.14  3.13            0.01    ED11                                         
 ED11 z s   ES 2        31.00  -0.15    0.30             123       1       5.68  5.83           -0.15    ED11 s                                       
 ED25 z     EP 0   28.66        0.09    0.07   15.0  127 121       1       3.34  3.25            0.09    ED25                                         
 ED25 z s   ES 2        31.46   0.10    0.40             121       1       6.14  6.04            0.10    ED25 s                                       
 T1212z     EP 1   28.58       -0.04    0.15   15.4  301 121       1       3.26  3.30           -0.04    T1212                                        
 T1212z s   ES 2        31.16  -0.29    0.30             121       1       5.84  6.13           -0.29    T1212s                                       
 LNSS z     EP 4   26.69       -2.02   -----   16.1  238 119       1       1.37  3.39           -2.02    LNSS                                         
 LNSS z s   ES 3        31.69   0.06    0.76             119       1       6.37  6.31            0.06    LNSS s                                       
 NRCA z     EP 1   29.10        0.04    0.18   18.6  336 115       1       3.78  3.74            0.04    NRCA                                         
 NRCA z s   ES 1        32.12  -0.15    0.16             115       1       6.80  6.95           -0.15    NRCA s                                       
 RM33 z     EP 1   29.11       -0.02    0.14   19.1  178 114       1       3.79  3.81           -0.02    RM33                                         
 RM33 z s   ES 2        32.24  -0.16    0.30             114       1       6.92  7.08           -0.16    RM33 s                                       
 ED16 z     EP 3   29.20        0.05    0.67   19.3   25 114       1       3.88  3.83            0.05    ED16                                         
 ED16 z s   ES 3        32.51   0.06    0.80             114       1       7.19  7.13            0.06    ED16 s                                       
 ED01 z     EP 1   29.17       -0.01    0.15   19.5  208 114       1       3.85  3.87           -0.01    ED01                                         
 ED01 z s   ES 2        32.52   0.01    0.33             114       1       7.20  7.19            0.01    ED01 s                                       
 T1243z     EP 4   27.83       -1.43   -----   19.9   85 113       1       2.51  3.95           -1.43    T1243                                        
 T1243z s   ES 3        32.83   0.17 j  1.78             113       1       7.51  7.34            0.17    T1243s                                       
 ED20 z     EP 4   27.02       -2.29   -----   20.3   68 113       1       1.70  3.99           -2.29    ED20                                         
 ED20 z s   ES 2        32.02  -0.72 j  1.03             113       1       6.70  7.43           -0.72    ED20 s                                       
 ED07 z     EP 0   29.46       -0.11    0.05   22.0  105 110       1       4.14  4.25           -0.11    ED07                                         
 ED07 z s   ES 2        32.80  -0.43    0.31             110       1       7.48  7.91           -0.43    ED07 s                                       
 ED09 z     EP 1   29.39       -0.21    0.13   22.2   53 110       1       4.07  4.28           -0.21    ED09                                         
 ED09 z s   ES 1        32.60  -0.68 j  0.42             110       1       7.28  7.97           -0.68    ED09 s                                       
 ED12 z     EP 3   29.79        0.02    0.61   23.4  307 109       1       4.47  4.45            0.02    ED12                                         
 ED14 z     EP 3   30.89       -0.23    0.50   32.1  144 102       1       5.57  5.80           -0.23    ED14                                         
 ED14 z s   ES 1        35.81  -0.29    0.16             102       1      10.49 10.78           -0.29    ED14 s                                       
                                                                                                                                                      
                       
                       
                       
 16/10/20    00:13            earthquake location                                                                                                     
         -az/dp--step---se =az/dp==step===se -az/dp--step---se                                                                                        
          75/ 1 -.016 1.87 165/ 4 .0037 .528 336/86 .0870 3.37                                                                                        
                                                                                                                                                      
 horizontal and vertical single variable standard deviations (68% - one degree of freedom; max 99 km)                                                 
       seh =   0.31             seh =   1.00             sez =   1.80   quality = b                                                                   
       az  =   -15.             az  =  -105.                                                                                                          
                                                                                                                                                      
 se of orig =   0.14; # of iterations =   4; dmax =     200.00; sequence number =                                                                     
 event type = " "; processing status = " "                                                                                                            
 closest station did not use both p and s                                                                                                             
                                                                                                                                                      
    date    origin      lat      long    depth    mag no d1 gap d  rms    avwt   se                                                                   
 20161020  013 10.37 42n48.30  13e13.30   1.60        18  6 102 1 0.3982  1.00  0.05                                                                  
                                                                                                                                                      
    seh  sez q sqd  adj in nr   avr  aar nm avxm mdxm sdxm nf avfm mdfm sdfm   vpvs                                                                   
    1.0  1.8 c c b 0.38 10 21 -.000 .296  0            0.0  0            0.0  0.000                                                                   
                                                                                                                                                      
                      -- travel times and delays --                                                                                                   
  stn c pha remk p p-sec s-sec resid  std-er   dist  azm ain    tc c vthk  ttob-ttcal-dlay-edly=resid rmk stn pha sources                             
 T1245z     EP 4    7.70       -3.98   -----    6.3  334 104       1      -2.67  1.31           -3.98    T1245                                        
 T1245z s   ES 1        12.70  -0.11    0.16             104       1       2.33  2.43           -0.11    T1245s                                       
 ED16 z     EP 3   12.46        0.49    0.52    7.8   63 102       1       2.09  1.60            0.49    ED16                                         
 ED16 z s   ES 3        12.54  -0.81    0.63             102       1       2.17  2.98           -0.81    ED16 s                                       
 NRCA z     EP 3   12.31        0.04    0.50    9.3  290 100       1       1.94  1.89            0.04    NRCA                                         
 NRCA z s   ES 3        14.22   0.33    0.61             100       1       3.85  3.52            0.33    NRCA s                                       
 MZ104z     EP 2   13.38        0.86    0.30   10.6  166  99       1       3.01  2.14            0.86    MZ104                                        
 MZ104z s   ES 3        14.20  -0.16    0.60              99       1       3.83  3.99           -0.16    MZ104s                                       
 T1202z     EP 3   12.78        0.13    0.50   11.3  179  98       1       2.41  2.28            0.13    T1202                                        
 T1202z s   ES 1        14.43  -0.18    0.16              98       1       4.06  4.24           -0.18    T1202s                                       
 MZ101z     EP 4    9.44       -3.31   -----   11.8  163  98       1      -0.93  2.37           -3.31    MZ101                                        
 MZ101z s   ES 3        14.44  -0.35    0.60              98       1       4.07  4.42           -0.35    MZ101s                                       
 MZ103z     EP 3   13.58        0.74    0.57   12.2  172  97       1       3.21  2.47            0.74    MZ103                                        
 MZ103z s   ES 3        14.56  -0.40    0.60              97       1       4.19  4.59           -0.40    MZ103s                                       
 MZ100z     EP 4    9.48       -3.41   -----   12.5  167  97       1      -0.89  2.51           -3.41    MZ100                                        
 MZ100z s   ES 3        14.48  -0.57    0.60              97       1       4.11  4.68           -0.57    MZ100s                                       
 MZ099z     EP 3   13.94        0.77    0.57   13.9  182  97       1       3.57  2.79            0.77    MZ099                                        
 ED24 z     EP 3   14.48        0.74    0.57   16.8  188  95       1       4.11  3.37            0.74    ED24                                         
 ED24 z s   ES 3        16.82   0.18    0.60              95       1       6.45  6.27            0.18    ED24 s                                       
 MZ16 z     EP 3   14.30       -0.15    0.50   20.6  180  54       1       3.93  4.07           -0.15    MZ16                                         
 MZ16 z s   ES 3        17.13  -0.82    0.63              54       1       6.76  7.58           -0.82    MZ16 s                                       
                                                                                                                                                      
                       
                       
                       
 16/10/20    00:13            earthquake location                                                                                                     
         -az/dp--step---se =az/dp==step===se -az/dp--step---se                                                                                        
         348/ 4 .0073 .290 258/ 9 .0312 .248 104/80 .2574 1.30                                                                                        
                                                                                                                                                      
 horizontal and vertical single variable standard deviations (68% - one degree of freedom; max 99 km)                                                 
       seh =   0.15             seh =   0.18             sez =   0.68   quality = a                                                                   
       az  =    28.             az  =   -62.                                                                                                          
                                                                                                                                                      
 se of orig =   0.04; # of iterations =   5; dmax =     200.00; sequence number =                                                                     
 event type = " "; processing status = " "                                                                                                            
 s minus p interval for closest station =       1.16                                                                                                  
                                                                                                                                                      
    date    origin      lat      long    depth    mag no d1 gap d  rms    avwt   se                                                                   
 20161020  013 30.52 42n54.94  13e15.81   4.56        36  5  74 1 0.0460  1.00  0.05                                                                  
                                                                                                                                                      
    seh  sez q sqd  adj in nr   avr  aar nm avxm mdxm sdxm nf avfm mdfm sdfm   vpvs                                                                   
    0.2  0.7 b a b 0.22 10 37 -.000 .036  0            0.0  0            0.0  0.000                                                                   
                                                                                                                                                      
                      -- travel times and delays --                                                                                                   
  stn c pha remk p p-sec s-sec resid  std-er   dist  azm ain    tc c vthk  ttob-ttcal-dlay-edly=resid rmk stn pha sources                             
 MMO1 z     EP 0   31.92        0.03    0.05    5.5  109 116       1       1.40  1.37            0.03    MMO1                                         
 MMO1 z s   ES 0        33.08   0.01    0.06             116       1       2.56  2.56            0.01    MMO1 s                                       
 MC2  z     EP 0   32.02        0.03    0.05    6.1  266 111       1       1.50  1.48            0.03    MC2                                          
 MC2  z s   ES 1        33.27   0.01    0.16             111       1       2.75  2.74            0.01    MC2  s                                       
 ED17 z     EP 0   32.03       -0.04    0.05    6.7   33 107       1       1.51  1.56           -0.04    ED17                                         
 ED17 z s   ES 1        33.28  -0.13    0.18             107       1       2.76  2.90           -0.13    ED17 s                                       
 ED18 z     EP 0   32.40        0.02    0.05    8.6  349 100       1       1.88  1.86            0.02    ED18                                         
 ED18 z s   ES 2        33.98   0.00    0.30             100       1       3.46  3.46            0.00    ED18 s                                       
 T1245z     EP 1   32.51        0.06    0.14    9.0  223  99       1       1.99  1.93            0.06    T1245                                        
 T1245z s   ES 1        34.06  -0.05    0.16              99       1       3.54  3.59           -0.05    T1245s                                       
 ED16 z     EP 2   32.52        0.01    0.25    9.4  158  98       1       2.00  1.99            0.01    ED16                                         
 ED16 z s   ES 1        34.34   0.12    0.17              98       1       3.82  3.71            0.12    ED16 s                                       
 AM05 z     EP 3   32.79        0.19    0.92   10.0   47  97       1       2.27  2.08            0.19    AM05                                         
 AM05 z s   ES 2        34.59   0.20    0.61              97       1       4.07  3.88            0.20    AM05 s                                       
 ED19 z     EP 1   32.60       -0.03    0.13   10.2  273  97       1       2.08  2.11           -0.03    ED19                                         
 ED19 z s   ES 2        34.43  -0.01    0.30              97       1       3.91  3.92           -0.01    ED19 s                                       
 ED22 z     EP 1   32.95        0.15    0.16   11.3   26  96       1       2.43  2.29            0.15    ED22                                         
 ED22 z s   ES 2        34.91   0.14    0.35              96       1       4.39  4.25            0.14    ED22 s                                       
 ED21 z     EP 1   33.03       -0.01    0.13   12.7    3  94       1       2.51  2.53           -0.01    ED21                                         
 ED21 z s   ES 2        35.12  -0.10    0.31              94       1       4.60  4.70           -0.10    ED21 s                                       
 NRCA z     EP 3   33.37       -0.08    0.51   15.2  233  93       1       2.85  2.93           -0.08    NRCA                                         
 NRCA z s   ES 3        35.87  -0.10    0.62              93       1       5.35  5.45           -0.10    NRCA s                                       
 T1214z     EP 2   34.05        0.17    0.36   17.9  195  93       1       3.53  3.36            0.17    T1214                                        
 T1214z s   ES 3        37.39   0.62 j 67.56              93       1       6.87  6.26            0.62    T1214s                                       
 ED09 z     EP 3   34.05        0.10    0.52   18.3  134  93       1       3.53  3.43            0.10    ED09                                         
 ED09 z s   ES 3        36.90   0.00    0.60              93       1       6.38  6.38            0.00    ED09 s                                       
 ED10 z     EP 0   33.91       -0.04    0.05   18.4  213  93       1       3.39  3.44           -0.04    ED10                                         
 ED10 z s   ES 1        36.78  -0.13    0.17              93       1       6.26  6.39           -0.13    ED10 s                                       
 CSP1 z     EP 4   32.70       -1.54   -----   20.1  346  92       1       2.18  3.72           -1.54    CSP1                                         
 CSP1 z s   ES 3        37.70   0.26 j  4.86              92       1       7.18  6.92            0.26    CSP1 s                                       
 T1216z     EP 1   34.22       -0.02    0.13   20.2  262  92       1       3.70  3.72           -0.02    T1216                                        
 T1216z s   ES 2        37.41  -0.03    0.30              92       1       6.89  6.93           -0.03    T1216s                                       
 ED20 z     EP 3   34.76        0.02    0.50   23.3  143  92       1       4.24  4.22            0.02    ED20                                         
 ED20 z s   ES 2        38.32  -0.05    0.30              92       1       7.80  7.86           -0.05    ED20 s                                       
 T1212z     EP 3   35.32        0.21 j  1.30   25.6  225  92       1       4.80  4.59            0.21    T1212                                        
 T1212z s   ES 3        39.16   0.10    0.63              92       1       8.64  8.54            0.10    T1212s                                       
 MZ16 z     EP 3   37.41        1.09 j 56.52   33.1  186  91       1       6.89  5.80            1.09    MZ16                                         
                                                                                                                                                      
                       
                       
                       
 16/10/20    00:14            earthquake location                                                                                                     
         -az/dp--step---se =az/dp==step===se -az/dp--step---se                                                                                        
         158/16 -.036 .872  62/18 -.024 2.50 287/66 2.600 7.74                                                                                        
                                                                                                                                                      
 horizontal and vertical single variable standard deviations (68% - one degree of freedom; max 99 km)                                                 
       seh =   0.87             seh =   1.98             sez =   3.80   quality = c                                                                   
       az  =     4.             az  =   -86.                                                                                                          
                                                                                                                                                      
 se of orig =   0.34; # of iterations =  11; dmax =     200.00; sequence number =                                                                     
 event type = " "; processing status = " "                                                                                                            
 s minus p interval for closest station =       2.28                                                                                                  
                                                                                                                                                      
    date    origin      lat      long    depth    mag no d1 gap d  rms    avwt   se                                                                   
 20161020  014 45.60 42n49.30  13e16.95  10.62        11  9 163 1 0.2597  1.00  0.05                                                                  
                                                                                                                                                      
    seh  sez q sqd  adj in nr   avr  aar nm avxm mdxm sdxm nf avfm mdfm sdfm   vpvs                                                                   
    2.0  3.8 c c c 0.33 10 12 -.000 .213  0            0.0  0            0.0  0.000                                                                   
                                                                                                                                                      
                      -- travel times and delays --                                                                                                   
  stn c pha remk p p-sec s-sec resid  std-er   dist  azm ain    tc c vthk  ttob-ttcal-dlay-edly=resid rmk stn pha sources                             
 T1245z     EP 3   48.30        0.30    0.50    8.6  297 137       1       2.70  2.40            0.30    T1245                                        
 T1245z s   ES 2        50.58   0.51    0.32             137       1       4.98  4.46            0.51    T1245s                                       
 MC2  z     EP 3   48.96        0.50    0.51   12.6  323 125       1       3.36  2.86            0.50    MC2                                          
 MC2  z s   ES 1        50.70  -0.22    0.16             125       1       5.10  5.31           -0.22    MC2  s                                       
 ED19 z     EP 3   49.33        0.40    0.50   16.0  313 117       1       3.73  3.33            0.40    ED19                                         
 ED19 z s   ES 3        51.49  -0.31    0.61             117       1       5.89  6.19           -0.31    ED19 s                                       
 ED17 z     EP 3   49.42        0.46    0.51   16.2    8 117       1       3.82  3.35            0.46    ED17                                         
 ED17 z s   ES 2        51.98   0.14    0.30             117       1       6.38  6.24            0.14    ED17 s                                       
 MZ21 z     EP 4   48.27       -1.09   -----   18.9  184 112       1       2.67  3.76           -1.09    MZ21                                         
 MZ21 z s   ES 3        53.27   0.67    0.68             112       1       7.67  6.99            0.67    MZ21 s                                       
 MZ62 z     EP 1   49.58       -0.09    0.13   21.0  170 110       1       3.98  4.07           -0.09    MZ62                                         
 MZ62 z s   ES 3        54.44   1.26 j  4.04             110       1       8.84  7.57            1.26    MZ62 s                                       
                                                                                                                                                      
                       
                       
                       
 16/10/20    00:15            earthquake location                                                                                                     
         -az/dp--step---se =az/dp==step===se -az/dp--step---se                                                                                        
         272/ 0 -.000 .796   2/ 0 -.073 2.64   0/90 0.000 99.0                                                                                        
                                                                                                                                                      
 horizontal and vertical single variable standard deviations (68% - one degree of freedom; max 99 km)                                                 
       seh =   0.43             seh =   1.41             sez =  16.67   quality = d                                                                   
       az  =   -88.             az  =     2.                                                                                                          
                                                                                                                                                      
 se of orig =  10.00; # of iterations =  16; dmax =     200.00; sequence number =                                                                     
 event type = " "; processing status = " "                                                                                                            
 closest station did not use both p and s                                                                                                             
                                                                                                                                                      
    date    origin      lat      long    depth    mag no d1 gap d  rms    avwt   se                                                                   
 20161020  014 53.25 42n46.02  12e 9.73  10.10        39 63 329 1 1.0035  1.00  0.05                                                                  
                                                                                                                                                      
    seh  sez q sqd  adj in nr   avr  aar nm avxm mdxm sdxm nf avfm mdfm sdfm   vpvs                                                                   
    1.4 16.7 d d d 0.05 10 66 -.000 .760  0            0.0  0            0.0  0.000                                                                   
                                                                                                                                                      
                      -- travel times and delays --                                                                                                   
  stn c pha remk p p-sec s-sec resid  std-er   dist  azm ain    tc c vthk  ttob-ttcal-dlay-edly=resid rmk stn pha sources                             
 T1217z     EP 3    5.66        1.70    0.51   63.3   95  90       1      12.41 10.70            1.70    T1217                                        
 ED12 z     EP 1    6.15        1.63    0.14   66.8   86  90       1      12.90 11.27            1.63    ED12                                         
 ED12 z s   ES 2        17.94   3.73 j  0.68              90       1      24.69 20.95            3.73    ED12 s                                       
 T1216z     EP 4   13.87        8.63   -----   71.4   79  90       1      20.62 11.99            8.63    T1216                                        
 T1216z s   ES 3        18.87   3.31    1.09              90       1      25.62 22.30            3.31    T1216s                                       
 ED11 z     EP 1    5.87        0.55    0.13   71.9   97  90       1      12.62 12.07            0.55    ED11                                         
 ED11 z s   ES 1        17.85   2.15    0.17              90       1      24.60 22.45            2.15    ED11 s                                       
 T1212z     EP 0    5.10       -0.28    0.05   72.3   91  90       1      11.85 12.13           -0.28    T1212                                        
 T1212z s   ES 0        16.68   0.87    0.06              90       1      23.43 22.56            0.87    T1212s                                       
 NRCA z     EP 1    6.30       -0.03    0.13   78.2   84  90       1      13.05 13.08           -0.03    NRCA                                         
 NRCA z s   ES 1        16.86  -0.72    0.16              90       1      23.61 24.32           -0.72    NRCA s                                       
 T1218z     EP 1    6.34       -0.08    0.13   78.8   98  90       1      13.09 13.17           -0.08    T1218                                        
 T1218z s   ES 2        17.91   0.17    0.30              90       1      24.66 24.49            0.17    T1218s                                       
 ED10 z     EP 3    6.13       -0.50    0.50   80.1   89  90       1      12.88 13.38           -0.50    ED10                                         
 ED19 z     EP 4   14.23        7.36   -----   81.6   78  90       1      20.98 13.62            7.36    ED19                                         
 ED19 z s   ES 2        19.23   0.65    0.30              90       1      25.98 25.33            0.65    ED19 s                                       
 T1245z     EP 4   13.08        5.76   -----   84.5   83  90       1      19.83 14.07            5.76    T1245                                        
 T1245z s   ES 1        18.08  -1.34    0.16              90       1      24.83 26.17           -1.34    T1245s                                       
 ED24 z     EP 4   13.78        6.33   -----   85.3   98  90       1      20.53 14.20            6.33    ED24                                         
 ED24 z s   ES 1        18.78  -0.88    0.16              90       1      25.53 26.41           -0.88    ED24 s                                       
 MC2  z     EP 4   14.87        7.39   -----   85.5   79  90       1      21.62 14.22            7.39    MC2                                          
 MC2  z s   ES 3        19.87   0.16    0.60              90       1      26.62 26.46            0.16    MC2  s                                       
 ED03 z     EP 4   15.10        7.50   -----   86.2  102  90       1      21.85 14.34            7.50    ED03                                         
 ED03 z s   ES 3        20.10   0.17    0.60              90       1      26.85 26.68            0.17    ED03 s                                       
 MZ19 z     EP 4   14.49        6.81   -----   86.7   99  90       1      21.24 14.43            6.81    MZ19                                         
 MZ19 z s   ES 2        19.49  -0.59    0.30              90       1      26.24 26.83           -0.59    MZ19 s                                       
 MZ16 z     EP 4   14.75        6.84   -----   88.2  100  90       1      21.50 14.66            6.84    MZ16                                         
 MZ16 z s   ES 3        19.75  -0.77    0.60              90       1      26.50 27.27           -0.77    MZ16 s                                       
 MZ20 z     EP 4   14.66        6.66   -----   88.7   98  90       1      21.41 14.74            6.66    MZ20                                         
 MZ20 z s   ES 3        19.66  -1.02    0.60              90       1      26.41 27.42           -1.02    MZ20 s                                       
 MZ103z     EP 4   13.96        5.96   -----   88.8   95  90       1      20.71 14.75            5.96    MZ103                                        
 MZ103z s   ES 2        18.96  -1.73    0.31              90       1      25.71 27.43           -1.73    MZ103s                                       
 MZ104z     EP 4   13.91        5.79   -----   89.5   94  90       1      20.66 14.87            5.79    MZ104                                        
 MZ104z s   ES 3        18.91  -2.00    0.63              90       1      25.66 27.66           -2.00    MZ104s                                       
 MZ100z     EP 4   14.15        5.97   -----   89.9   95  90       1      20.90 14.92            5.97    MZ100                                        
 MZ100z s   ES 2        19.15  -1.86    0.31              90       1      25.90 27.75           -1.86    MZ100s                                       
 MZ101z     EP 4   14.03        5.76   -----   90.4   94  90       1      20.78 15.01            5.76    MZ101                                        
 MZ101z s   ES 3        19.03  -2.15    0.63              90       1      25.78 27.92           -2.15    MZ101s                                       
 RM33 z     EP 4   15.20        6.85   -----   90.9  108  90       1      21.95 15.09            6.85    RM33                                         
 RM33 z s   ES 2        20.20  -1.13    0.30              90       1      26.95 28.07           -1.13    RM33 s                                       
 ED23 z     EP 4   14.55        6.01   -----   92.1   91  90       1      21.30 15.28            6.01    ED23                                         
 ED23 z s   ES 3        19.55  -2.13    0.63              90       1      26.30 28.43           -2.13    ED23 s                                       
 MZ05 z     EP 4   15.18        6.59   -----   92.5   95  90       1      21.93 15.34            6.59    MZ05                                         
 MZ05 z s   ES 3        20.18  -1.60    0.61              90       1      26.93 28.53           -1.60    MZ05 s                                       
 MZ06 z     EP 4   15.51        6.87   -----   92.8   97  90       1      22.26 15.38            6.87    MZ06                                         
 MZ06 z s   ES 3        20.51  -1.36    0.61              90       1      27.26 28.61           -1.36    MZ06 s                                       
 T1244z     EP 4   14.48        5.81   -----   93.0   90  90       1      21.23 15.41            5.81    T1244                                        
 T1244z s   ES 1        19.48  -2.44    0.17              90       1      26.23 28.67           -2.44    T1244s                                       
 MZ24 z     EP 4   15.74        7.05   -----   93.1   97  90       1      22.49 15.44            7.05    MZ24                                         
 MZ24 z s   ES 3        20.74  -1.22    0.61              90       1      27.49 28.71           -1.22    MZ24 s                                       
 ED16 z     EP 4   14.89        6.06   -----   94.0   85  90       1      21.64 15.57            6.06    ED16                                         
 ED16 z s   ES 3        19.89  -2.33    0.63              90       1      26.64 28.97           -2.33    ED16 s                                       
 ED04 z     EP 4   15.83        6.77   -----   95.5  103  90       1      22.58 15.81            6.77    ED04                                         
 ED04 z s   ES 3        20.83  -1.83    0.63              90       1      27.58 29.41           -1.83    ED04 s                                       
 MMO1 z     EP 4   16.10        6.89   -----   96.4   81  90       1      22.85 15.95            6.89    MMO1                                         
 MMO1 z s   ES 3        21.10  -1.82    0.61              90       1      27.85 29.67           -1.82    MMO1 s                                       
 MZ14 z     EP 4   16.88        7.22   -----   99.2   99  90       1      23.63 16.40            7.22    MZ14                                         
 MZ14 z s   ES 3        21.88  -1.88    0.63              90       1      28.63 30.51           -1.88    MZ14 s                                       
 ED25 z     EP 4   16.99        7.32   -----   99.3  100  90       1      23.74 16.42            7.32    ED25                                         
 ED25 z s   ES 3        21.99  -1.80    0.63              90       1      28.74 30.53           -1.80    ED25 s                                       
 ED09 z     EP 4   17.02        6.71   -----  103.3   88  90       1      23.77 17.05            6.71    ED09                                         
 ED09 z s   ES 3        22.02  -2.95    0.70              90       1      28.77 31.72           -2.95    ED09 s                                       
 ED20 z     EP 4   16.85        6.39   -----  104.2   91  90       1      23.60 17.20            6.39    ED20                                         
 ED20 z s   ES 2        21.85  -3.40    0.43              90       1      28.60 32.00           -3.40    ED20 s                                       
 ED14 z     EP 4   18.65        7.24   -----  110.3  109  90       1      25.40 18.16            7.24    ED14                                         
 ED14 z s   ES 3        23.65  -3.38    1.22              90       1      30.40 33.78           -3.38    ED14 s                                       
                                                                                                                                                      
                       
                       
                       
 16/10/20    00:15            earthquake location                                                                                                     
         -az/dp--step---se =az/dp==step===se -az/dp--step---se                                                                                        
          31/19 .7126 4.40 128/19 -2.87 4.76 260/63 -.012 2.15                                                                                        
                                                                                                                                                      
 horizontal and vertical single variable standard deviations (68% - one degree of freedom; max 99 km)                                                 
       seh =   2.21             seh =   2.48             sez =   1.51   quality = b                                                                   
       az  =  -121.             az  =   -31.                                                                                                          
                                                                                                                                                      
 se of orig =   0.16; # of iterations =  21; dmax =     200.00; sequence number =                                                                     
 event type = " "; processing status = " "                                                                                                            
 closest station did not use both p and s                                                                                                             
                                                                                                                                                      
    date    origin      lat      long    depth    mag no d1 gap d  rms    avwt   se                                                                   
 20161020  014 56.99 42n53.36  12e26.99 126.55        33 36 319 1 0.3382  1.00  0.05                                                                  
                                                                                                                                                      
    seh  sez q sqd  adj in nr   avr  aar nm avxm mdxm sdxm nf avfm mdfm sdfm   vpvs                                                                   
    2.5  1.5 d d d 1.16 10 34 -.000 .225  0            0.0  0            0.0  0.000                                                                   
                                                                                                                                                      
                      -- travel times and delays --                                                                                                   
  stn c pha remk p p-sec s-sec resid  std-er   dist  azm ain    tc c vthk  ttob-ttcal-dlay-edly=resid rmk stn pha sources                             
 T1215z     EP 2   16.78        2.21 j  1.19   35.6  106 163       1      19.79 17.58            2.21    T1215                                        
 T1217z     EP 3   15.98        1.08    0.64   44.0  116 160       1      18.99 17.91            1.08    T1217                                        
 ED12 z     EP 1   15.71        0.81    0.15   44.1  102 160       1      18.72 17.91            0.81    ED12                                         
 T1216z     EP 1   16.23        1.22    0.15   46.5   90 159       1      19.24 18.02            1.22    T1216                                        
 T1212z     EP 0   15.02       -0.20    0.05   51.0  107 157       1      18.03 18.24           -0.20    T1212                                        
 ED11 z     EP 0   15.63        0.32    0.05   52.7  115 156       1      18.64 18.32            0.32    ED11                                         
 NRCA z     EP 0   15.12       -0.29    0.05   54.7   96 155       1      18.13 18.42           -0.29    NRCA                                         
 NRCA z s   ES 1        31.31   0.06    0.20             155       1      34.32 34.27            0.06    NRCA s                                       
 ED19 z     EP 3   16.86        1.36    0.51   56.4   86 155       1      19.87 18.51            1.36    ED19                                         
 T1218z     EP 0   15.67       -0.01    0.05   59.6  114 153       1      18.68 18.69           -0.01    T1218                                        
 MC2  z     EP 3   17.90        2.18    0.52   60.4   87 153       1      20.91 18.74            2.18    MC2                                          
 MC2  z s   ES 3        33.11   1.27    0.73             153       1      36.12 34.85            1.27    MC2  s                                       
 T1245z     EP 0   15.80        0.08    0.05   60.4   93 153       1      18.81 18.74            0.08    T1245                                        
 T1245z s   ES 1        31.95   0.11    0.17             153       1      34.96 34.85            0.11    T1245s                                       
 T1214z     EP 0   15.43       -0.49    0.05   63.7  103 152       1      18.44 18.93           -0.49    T1214                                        
 ED24 z     EP 1   16.19        0.13    0.13   66.1  113 151       1      19.20 19.07            0.13    ED24                                         
 MZ19 z     EP 3   16.50        0.33    0.50   67.8  114 150       1      19.51 19.18            0.33    MZ19                                         
 MZ103z     EP 0   16.21        0.02    0.05   68.3  108 150       1      19.22 19.21            0.02    MZ103                                        
 ED03 z     EP 3   17.11        0.90    0.50   68.5  117 150       1      20.12 19.22            0.90    ED03                                         
 MZ104z     EP 1   16.15       -0.06    0.13   68.6  106 150       1      19.16 19.23           -0.06    MZ104                                        
 MZ100z     EP 1   16.31        0.05    0.13   69.3  108 150       1      19.32 19.27            0.05    MZ100                                        
 MZ20 z     EP 3   16.79        0.51    0.50   69.6  113 150       1      19.80 19.29            0.51    MZ20                                         
 MZ101z     EP 2   16.42        0.14    0.25   69.7  107 150       1      19.43 19.29            0.14    MZ101                                        
 ED16 z     EP 3   18.06        1.74    0.50   70.3   94 149       1      21.07 19.34            1.74    ED16                                         
 ED23 z     EP 3   16.47        0.14    0.50   70.4  103 149       1      19.48 19.34            0.14    ED23                                         
 ED17 z     EP 3   18.11        1.77    0.50   70.6   83 149       1      21.12 19.36            1.77    ED17                                         
 T1244z     EP 0   16.47        0.11    0.05   70.9  102 149       1      19.48 19.37            0.11    T1244                                        
 MZ06 z     EP 3   17.02        0.53    0.50   72.8  110 148       1      20.03 19.50            0.53    MZ06                                         
 T1299z     EP 3   17.34        0.79    0.50   73.8  112 148       1      20.35 19.56            0.79    T1299                                        
 RM33 z     EP 4   26.39        9.72   -----   75.6  124 147       1      29.40 19.68            9.72    RM33                                         
 RM33 z s   ES 3        31.39  -2.21    0.60             147       1      34.40 36.61           -2.21    RM33 s                                       
 MZ28 z     EP 3   15.23       -1.49    0.55   76.3  113 147       1      18.24 19.73           -1.49    MZ28                                         
 ED09 z     EP 3   17.78        0.79    0.50   80.2   97 146       1      20.79 20.00            0.79    ED09                                         
 ED20 z     EP 1   17.87        0.75    0.14   82.1  101 145       1      20.88 20.14            0.75    ED20                                         
                                                                                                                                                      
                       
                       
                       
 16/10/20    00:15            earthquake location                                                                                                     
         -az/dp--step---se =az/dp==step===se -az/dp--step---se                                                                                        
          21/ 2 -6.19 10.9 112/ 4 -.215 5.03 269/86 102.3 52.9                                                                                        
                                                                                                                                                      
 horizontal and vertical single variable standard deviations (68% - one degree of freedom; max 99 km)                                                 
       seh =   2.93             seh =   5.86             sez =  99.00   quality = d                                                                   
       az  =   -67.             az  =    23.                                                                                                          
                                                                                                                                                      
 se of orig =   0.63; # of iterations =  21; dmax =     200.00; sequence number =                                                                     
 event type = " "; processing status = " "                                                                                                            
 closest station did not use both p and s                                                                                                             
                                                                                                                                                      
    date    origin      lat      long    depth    mag no d1 gap d  rms    avwt   se                                                                   
 20161020  015 29.44 42n26.86  13e29.42  30.57        12 34 320 1 0.2184  1.00  0.05                                                                  
                                                                                                                                                      
    seh  sez q sqd  adj in nr   avr  aar nm avxm mdxm sdxm nf avfm mdfm sdfm   vpvs                                                                   
    5.9 99.0 d d d 1.90 10 17 .0000 .093  0            0.0  0            0.0  0.000                                                                   
                                                                                                                                                      
                      -- travel times and delays --                                                                                                   
  stn c pha remk p p-sec s-sec resid  std-er   dist  azm ain    tc c vthk  ttob-ttcal-dlay-edly=resid rmk stn pha sources                             
 ED24 z     EP 4   41.98        5.25   -----   33.7  313 112       1      12.54  7.30            5.25    ED24                                         
 ED24 z s   ES 3        46.98   3.97 j 67.56             112       1      17.54 13.57            3.97    ED24 s                                       
 T1218z     EP 4   41.61        4.19   -----   39.5  309 101       1      12.17  7.99            4.19    T1218                                        
 T1218z s   ES 2        46.61   2.31 j  1.03             101       1      17.17 14.86            2.31    T1218s                                       
 T1212z     EP 4   41.74        3.04   -----   49.8  313  93       1      12.30  9.26            3.04    T1212                                        
 T1212z s   ES 3        46.74   0.08    0.60              93       1      17.30 17.22            0.08    T1212s                                       
 T1245z     EP 2   38.96        0.02    0.25   51.7  331  93       1       9.52  9.50            0.02    T1245                                        
 MMO1 z     EP 0   39.01        0.05    0.05   51.9  345  92       1       9.57  9.53            0.05    MMO1                                         
 NRCA z     EP 4   42.20        3.13   -----   52.8  324  92       1      12.76  9.64            3.13    NRCA                                         
 NRCA z s   ES 3        47.20  -0.16    0.60              92       1      17.76 17.92           -0.16    NRCA s                                       
 MC2  z     EP 2   38.80       -0.83    0.25   57.1  334  92       1       9.36 10.19           -0.83    MC2                                          
 ED19 z     EP 3   39.40       -0.56    0.50   59.8  331  92       1       9.96 10.53           -0.56    ED19                                         
 ED22 z     EP 3   39.93       -0.50    0.50   63.5  348  91       1      10.49 10.99           -0.50    ED22                                         
 ED18 z     EP 3   39.77       -0.68    0.50   63.7  342  91       1      10.33 11.01           -0.68    ED18                                         
 ED18 z s   ES 3        50.04   0.12    0.65              91       1      20.60 20.49            0.12    ED18 s                                       
 T1215z     EP 4   43.13        2.59   -----   64.4  308  91       1      13.69 11.10            2.59    T1215                                        
 T1215z s   ES 3        48.13  -1.96 j  4.86              91       1      18.69 20.65           -1.96    T1215s                                       
                                                                                                                                                      
                       
                       
                       
 16/10/20    00:15            earthquake location                                                                                                     
         -az/dp--step---se =az/dp==step===se -az/dp--step---se                                                                                        
          77/ 8 .0245 .764 172/34 .0099 1.53 335/55 .0418 1.29                                                                                        
                                                                                                                                                      
 horizontal and vertical single variable standard deviations (68% - one degree of freedom; max 99 km)                                                 
       seh =   0.42             seh =   0.78             sez =   0.73   quality = a                                                                   
       az  =  -101.             az  =   -11.                                                                                                          
                                                                                                                                                      
 se of orig =   0.16; # of iterations =  10; dmax =     200.00; sequence number =                                                                     
 event type = " "; processing status = " "                                                                                                            
 s minus p interval for closest station =       0.96                                                                                                  
                                                                                                                                                      
    date    origin      lat      long    depth    mag no d1 gap d  rms    avwt   se                                                                   
 20161020  015 26.91 42n38.76  13e20.15   9.44        64  1  42 1 0.1111  1.00  0.05                                                                  
                                                                                                                                                      
    seh  sez q sqd  adj in nr   avr  aar nm avxm mdxm sdxm nf avfm mdfm sdfm   vpvs                                                                   
    0.8  0.7 b b a 0.14 10 71 -.000 .075  0            0.0  0            0.0  0.000                                                                   
                                                                                                                                                      
                      -- travel times and delays --                                                                                                   
  stn c pha remk p p-sec s-sec resid  std-er   dist  azm ain    tc c vthk  ttob-ttcal-dlay-edly=resid rmk stn pha sources                             
 MZ62 z     EP 0   28.58       -0.03 j  0.49    1.5  214 170       1       1.67  1.70           -0.03    MZ62                                         
 MZ62 z s   ES 2        29.54  -0.53    0.32             170       1       2.63  3.16           -0.53    MZ62 s                                       
 SMA1 z     EP 3   28.61       -0.01 j  8.99    1.7  181 169       1       1.70  1.70           -0.01    SMA1                                         
 SMA1 z s   ES 3        29.69  -0.39    0.85             169       1       2.78  3.17           -0.39    SMA1 s                                       
 MZ63 z     EP 1   28.62       -0.01 j  2.40    2.1  209 167       1       1.71  1.72           -0.01    MZ63                                         
 MZ63 z s   ES 1        30.12   0.01 j  0.55             167       1       3.21  3.19            0.01    MZ63 s                                       
 MZ61 z     EP 1   28.60       -0.03 j  1.31    2.2  234 166       1       1.69  1.72           -0.03    MZ61                                         
 MZ61 z s   ES 2        30.12   0.01    0.61             166       1       3.21  3.20            0.01    MZ61 s                                       
 MZ09 z     EP 3   28.64       -0.00 j  2.83    2.4  260 164       1       1.73  1.73           -0.00    MZ09                                         
 MZ09 z s   ES 3        30.20   0.07    0.80             164       1       3.29  3.22            0.07    MZ09 s                                       
 MZ60 z     EP 0   28.66        0.01 j  0.49    2.5  241 164       1       1.75  1.74            0.01    MZ60                                         
 MZ60 z s   ES 1        30.12  -0.02    0.27             164       1       3.21  3.23           -0.02    MZ60 s                                       
 MZ07 z     EP 0   28.64       -0.01 j  0.17    2.6  279 163       1       1.73  1.74           -0.01    MZ07                                         
 MZ07 z s   ES 2        30.25   0.10    0.33             163       1       3.34  3.23            0.10    MZ07 s                                       
 MZ64 z     EP 3   28.16       -0.50 j  2.83    2.7  174 163       1       1.25  1.74           -0.50    MZ64                                         
 MZ64 z s   ES 2        30.04  -0.11 j  2.94             163       1       3.13  3.24           -0.11    MZ64 s                                       
 MZ25 z     EP 1   28.70        0.03 j  5.78    2.9  208 161       1       1.79  1.75            0.03    MZ25                                         
 MZ25 z s   ES 2        30.52   0.35 j 12.94             161       1       3.61  3.26            0.35    MZ25 s                                       
 MZ14 z     EP 1   28.67        0.00 j  5.78    2.9  143 161       1       1.76  1.75            0.00    MZ14                                         
 MZ14 z s   ES 2        30.06  -0.11 j  2.43             161       1       3.15  3.26           -0.11    MZ14 s                                       
 MZ26 z     EP 3   28.28       -0.39 j  2.83    3.0  213 161       1       1.37  1.76           -0.39    MZ26                                         
 MZ26 z s   ES 2        30.24   0.06 j  2.94             161       1       3.33  3.27            0.06    MZ26 s                                       
 MZ23 z     EP 1   28.72        0.05 j  0.64    3.0  274 161       1       1.81  1.76            0.05    MZ23                                         
 MZ23 z s   ES 1        30.32   0.14    0.19             161       1       3.41  3.27            0.14    MZ23 s                                       
 MZ10 z     EP 1   28.76        0.04 j  3.69    3.8  232 156       1       1.85  1.80            0.04    MZ10                                         
 MZ10 z s   ES 1        30.25  -0.02 j  0.65             156       1       3.34  3.35           -0.02    MZ10 s                                       
 MZ24 z     EP 0   28.78        0.05 j  0.17    4.0  285 155       1       1.87  1.82            0.05    MZ24                                         
 MZ24 z s   ES 1        30.43   0.13    0.17             155       1       3.52  3.39            0.13    MZ24 s                                       
 MZ12 z     EP 3   28.49       -0.25 j  2.83    4.1  241 154       1       1.58  1.83           -0.25    MZ12                                         
 MZ12 z s   ES 2        30.43   0.12 j  1.42             154       1       3.52  3.40            0.12    MZ12 s                                       
 MZ08 z     EP 1   28.76        0.00 j  1.60    4.3  250 153       1       1.85  1.84            0.00    MZ08                                         
 MZ08 z s   ES 1        30.32  -0.02    0.29             153       1       3.41  3.43           -0.02    MZ08 s                                       
 MZ06 z     EP 0   28.83        0.06 j  0.11    4.6  297 152       1       1.92  1.86            0.06    MZ06                                         
 MZ06 z s   ES 1        30.48   0.10    0.16             152       1       3.57  3.46            0.10    MZ06 s                                       
 T1299z     EP 0   28.76       -0.02 j  0.49    4.6  253 152       1       1.85  1.86           -0.02    T1299                                        
 T1299z s   ES 1        30.28  -0.10    0.23             152       1       3.37  3.47           -0.10    T1299s                                       
 MZ27 z     EP 3   28.92        0.12 j 56.52    4.9  221 150       1       2.01  1.89            0.12    MZ27                                         
 MZ27 z s   ES 3        30.71   0.28 j 67.56             150       1       3.80  3.52            0.28    MZ27 s                                       
 ED25 z     EP 3   28.84       -0.00 j 56.52    5.4  166 147       1       1.93  1.93           -0.00    ED25                                         
 ED25 z s   ES 3        30.54   0.04 j 67.56             147       1       3.63  3.59            0.04    ED25 s                                       
 MZ21 z     EP 3   28.92        0.06 j  2.02    5.6  276 146       1       2.01  1.95            0.06    MZ21                                         
 MZ05 z     EP 4   25.63       -3.25   -----    5.8  315 145       1      -1.28  1.97           -3.25    MZ05                                         
 MZ05 z s   ES 3        30.63   0.06    0.60             145       1       3.72  3.66            0.06    MZ05 s                                       
 MZ20 z     EP 1   29.14       -0.02 j  0.64    8.5  269 134       1       2.23  2.24           -0.02    MZ20                                         
 MZ20 z s   ES 1        30.98  -0.11    0.17             134       1       4.07  4.17           -0.11    MZ20 s                                       
 MZ100z     EP 4   25.98       -3.19   -----    8.6  310 134       1      -0.93  2.26           -3.19    MZ100                                        
 MZ100z s   ES 1        30.98  -0.14    0.16             134       1       4.07  4.20           -0.14    MZ100s                                       
 MZ101z     EP 4   26.08       -3.11   -----    8.7  317 133       1      -0.83  2.28           -3.11    MZ101                                        
 MZ101z s   ES 3        31.08  -0.07    0.60             133       1       4.17  4.24           -0.07    MZ101s                                       
 MZ16 z     EP 2   29.27       -0.06 j  4.49    9.9  253 129       1       2.36  2.42           -0.06    MZ16                                         
 MZ104z     EP 4   26.41       -2.93   -----   10.0  317 129       1      -0.50  2.43           -2.93    MZ104                                        
 MZ104z s   ES 2        31.41  -0.02    0.30             129       1       4.50  4.52           -0.02    MZ104s                                       
 MZ18 z     EP 3   29.40        0.04 j 56.52   10.2  239 128       1       2.49  2.45            0.04    MZ18                                         
 MZ19 z     EP 2   29.47        0.06 j  2.03   10.6  267 127       1       2.56  2.50            0.06    MZ19                                         
 MZ19 z s   ES 3        31.73   0.17    1.00             127       1       4.82  4.64            0.17    MZ19 s                                       
 ED07 z     EP 4   26.73       -2.70   -----   10.8  101 127       1      -0.18  2.52           -2.70    ED07                                         
 ED07 z s   ES 3        31.73   0.13 j 67.56             127       1       4.82  4.69            0.13    ED07 s                                       
 T1243z     EP 3   29.57        0.13 j  1.73   10.8   59 127       1       2.66  2.52            0.13    T1243                                        
 T1243z s   ES 1        31.60  -0.01    0.16             127       1       4.69  4.69           -0.01    T1243s                                       
 ED24 z     EP 0   29.59        0.01 j  0.20   11.8  275 124       1       2.68  2.67            0.01    ED24                                         
 ED24 z s   ES 1        31.86  -0.01    0.17             124       1       4.95  4.96           -0.01    ED24 s                                       
 ED03 z     EP 1   29.56       -0.16 j  4.60   12.9  248 121       1       2.65  2.81           -0.16    ED03                                         
 ED03 z s   ES 3        32.45   0.32 j 67.56             121       1       5.54  5.22            0.32    ED03 s                                       
 ED20 z     EP 3   29.76       -0.12    0.56   14.0   35 119       1       2.85  2.97           -0.12    ED20                                         
 ED20 z s   ES 3        32.23  -0.21    0.61             119       1       5.32  5.52           -0.21    ED20 s                                       
 T1218z     EP 3   30.25       -0.25    0.83   18.3  278 112       1       3.34  3.58           -0.25    T1218                                        
 ED16 z     EP 4   29.47       -1.50   -----   21.4  354 108       1       2.56  4.06           -1.50    ED16                                         
 ED16 z s   ES 3        34.47   0.00    0.73             108       1       7.56  7.55            0.00    ED16 s                                       
 TERO z     EP 4   29.29       -1.80   -----   22.1   97 107       1       2.38  4.18           -1.80    TERO                                         
 TERO z s   ES 3        34.29  -0.40 j 67.56             107       1       7.38  7.78           -0.40    TERO s                                       
 ED01 z     EP 1   31.18       -0.20 j 15.09   24.0  236 106       1       4.27  4.46           -0.20    ED01                                         
                                                                                                                                                      
